date,symbol,ltp,open,high,low,volume,trades,source
2026-02-09,C30MF,9.65,9.71,9.71,9.65,600,4,nepse_playwright
2026-02-09,CMF2,10.1,10.25,10.25,10.1,2290,5,nepse_playwright
2026-02-09,GBIMESY2,9.08,9.13,9.38,9.03,2450,17,nepse_playwright
2026-02-09,GIBF1,10.6,10.8,10.85,10.6,101600,22,nepse_playwright
2026-02-09,GSY,9.42,9.41,9.45,9.41,4400,22,nepse_playwright
2026-02-09,H8020,11.5,11.25,11.5,11.25,5400,15,nepse_playwright
2026-02-09,HLICF,9.72,9.52,9.72,9.52,3140,11,nepse_playwright
2026-02-09,KDBY,10.02,9.92,10.14,9.92,23914,40,nepse_playwright
2026-02-09,KEF,9.34,9.31,9.5,9.31,3960,14,nepse_playwright
2026-02-09,KSY,9.34,9.3,9.4,9.3,400,3,nepse_playwright
2026-02-09,LUK,9.85,9.85,9.85,9.85,200,2,nepse_playwright
2026-02-09,LVF2,9.5,9.42,9.62,9.42,2705,11,nepse_playwright
2026-02-09,MBLEF,10.09,10.0,10.21,10.0,43400,23,nepse_playwright
2026-02-09,MMF1,8.92,8.78,9.25,8.78,7100,27,nepse_playwright
2026-02-09,MNMF1,9.36,9.7,9.73,9.32,3300,19,nepse_playwright
2026-02-09,NBF2,9.72,9.65,9.72,9.5,105890,16,nepse_playwright
2026-02-09,NBF3,9.4,9.4,9.5,9.32,12200,25,nepse_playwright
2026-02-09,NIBLGF,9.82,9.44,9.82,9.31,4177,11,nepse_playwright
2026-02-09,NIBLSTF,9.22,8.97,9.29,8.97,2500,11,nepse_playwright
2026-02-09,NIBSF2,9.29,9.1,9.29,9.07,2150,9,nepse_playwright
2026-02-09,NICBF,9.32,9.32,9.32,9.32,2100,3,nepse_playwright
2026-02-09,NICFC,9.16,9.1,9.17,9.1,2300,17,nepse_playwright
2026-02-09,NICGF2,9.27,9.22,9.35,9.22,2700,15,nepse_playwright
2026-02-09,NICSF,8.89,8.96,8.96,8.86,1900,7,nepse_playwright
2026-02-09,NMB50,10.31,10.5,10.5,10.31,6800,3,nepse_playwright
2026-02-09,NMBHF2,9.38,9.32,9.5,9.32,3150,21,nepse_playwright
2026-02-09,NSIF2,10.61,10.61,10.63,10.61,20500,16,nepse_playwright
2026-02-09,PRSF,11.25,11.2,11.25,11.2,700,5,nepse_playwright
2026-02-09,PSF,11.07,11.18,11.18,11.07,2000,13,nepse_playwright
2026-02-09,RBBF40,9.5,9.2,9.67,9.2,4100,21,nepse_playwright
2026-02-09,RMF1,9.48,9.73,9.73,9.27,11118,20,nepse_playwright
2026-02-09,RMF2,10.0,9.9,10.0,9.9,900,5,nepse_playwright
2026-02-09,RSY,9.91,9.76,10.02,9.76,357150,16,nepse_playwright
2026-02-09,SAGF,9.71,9.7,9.8,9.7,5500,7,nepse_playwright
2026-02-09,SBCF,9.53,9.36,9.55,9.36,8850,17,nepse_playwright
2026-02-09,SEF,9.79,9.52,9.85,9.51,8000,7,nepse_playwright
2026-02-09,SFEF,9.75,9.83,9.83,9.75,4900,9,nepse_playwright
2026-02-09,SFMF,10.38,10.38,10.38,10.38,1000,1,nepse_playwright
2026-02-09,SIGS2,9.81,9.6,9.81,9.6,1950,4,nepse_playwright
2026-02-09,SIGS3,10.19,10.18,10.19,10.18,400,2,nepse_playwright
2026-02-09,SLCF,9.66,9.65,9.71,9.65,2850,13,nepse_playwright
2026-02-10,C30MF,9.83,9.64,9.83,9.64,2700,5,nepse_playwright
2026-02-10,CMF2,10.01,9.92,10.11,9.92,8295,6,nepse_playwright
2026-02-10,GBIMESY2,9.12,8.92,9.2,8.92,1200,11,nepse_playwright
2026-02-10,GIBF1,10.64,10.6,10.64,10.45,1800,13,nepse_playwright
2026-02-10,GSY,9.5,9.5,9.78,9.24,25699,40,nepse_playwright
2026-02-10,H8020,11.7,11.73,11.73,11.51,5420,14,nepse_playwright
2026-02-10,HLICF,9.55,9.6,9.72,9.55,1100,11,nepse_playwright
2026-02-10,KDBY,10.02,9.87,10.07,9.87,14300,36,nepse_playwright
2026-02-10,KEF,9.58,9.34,9.58,9.31,12610,25,nepse_playwright
2026-02-10,KSY,9.4,9.52,9.52,9.33,3400,6,nepse_playwright
2026-02-10,LUK,9.95,9.85,9.95,9.85,600,3,nepse_playwright
2026-02-10,LVF2,9.45,9.5,9.5,9.42,1600,7,nepse_playwright
2026-02-10,MBLEF,10.07,9.98,10.1,9.98,38600,29,nepse_playwright
2026-02-10,MMF1,9.05,9.09,9.1,8.99,19570,27,nepse_playwright
2026-02-10,MNMF1,9.73,9.36,9.73,9.26,77652,43,nepse_playwright
2026-02-10,NBF2,9.58,9.8,9.8,9.58,56232,9,nepse_playwright
2026-02-10,NBF3,9.58,9.4,9.58,9.22,51940,33,nepse_playwright
2026-02-10,NIBLGF,10.21,9.63,10.21,9.4,12680,12,nepse_playwright
2026-02-10,NIBLSTF,9.28,9.4,9.4,9.05,6000,24,nepse_playwright
2026-02-10,NIBSF2,9.31,9.29,9.31,9.13,2000,10,nepse_playwright
2026-02-10,NICBF,9.3,9.3,9.3,9.3,7200,1,nepse_playwright
2026-02-10,NICFC,9.15,9.1,9.2,9.1,5500,14,nepse_playwright
2026-02-10,NICGF2,9.45,9.25,9.45,9.11,40610,24,nepse_playwright
2026-02-10,NICSF,8.91,8.86,9.06,8.86,18600,17,nepse_playwright
2026-02-10,NMB50,10.51,10.28,10.51,10.25,4208,6,nepse_playwright
2026-02-10,NMBHF2,9.35,9.31,9.4,9.31,6500,20,nepse_playwright
2026-02-10,NSIF2,10.61,10.61,10.75,10.61,2900,10,nepse_playwright
2026-02-10,PRSF,11.18,11.05,11.25,11.05,500,5,nepse_playwright
2026-02-10,PSF,11.18,11.0,11.18,11.0,5100,14,nepse_playwright
2026-02-10,RBBF40,9.88,9.69,9.9,9.31,39866,38,nepse_playwright
2026-02-10,RMF1,9.35,9.66,9.66,9.25,15300,30,nepse_playwright
2026-02-10,RMF2,9.99,9.9,9.99,9.8,9400,4,nepse_playwright
2026-02-10,RSY,9.8,9.72,10.01,9.72,83200,22,nepse_playwright
2026-02-10,SAGF,9.75,9.71,9.9,9.71,2800,9,nepse_playwright
2026-02-10,SBCF,9.5,9.4,9.53,9.4,9000,12,nepse_playwright
2026-02-10,SEF,9.7,9.7,9.7,9.7,15000,1,nepse_playwright
2026-02-10,SFEF,9.59,9.58,9.59,9.58,200,2,nepse_playwright
2026-02-10,SFMF,10.21,10.18,10.21,10.18,13964,5,nepse_playwright
2026-02-10,SIGS2,9.62,9.62,9.62,9.62,1000,1,nepse_playwright
2026-02-10,SIGS3,10.3,10.2,10.3,10.2,1500,6,nepse_playwright
2026-02-10,SLCF,9.85,9.63,9.85,9.48,121600,22,nepse_playwright
2026-02-11,C30MF,9.82,10.01,10.01,9.81,14804,9,nepse_playwright
2026-02-11,CMF2,9.83,9.83,9.83,9.83,100,1,nepse_playwright
2026-02-11,GBIMESY2,9.48,9.07,9.48,9.07,5315,11,nepse_playwright
2026-02-11,GIBF1,10.79,10.48,10.79,10.48,10700,10,nepse_playwright
2026-02-11,GSY,9.5,9.31,10.4,9.31,14000,57,nepse_playwright
2026-02-11,H8020,11.65,11.7,11.9,11.41,31500,17,nepse_playwright
2026-02-11,HLICF,9.4,9.55,9.55,9.4,1300,12,nepse_playwright
2026-02-11,KDBY,10.0,9.83,10.06,9.83,4510,32,nepse_playwright
2026-02-11,KEF,9.3,9.39,9.39,9.2,3710,14,nepse_playwright
2026-02-11,KSY,9.58,9.24,9.58,9.24,3650,12,nepse_playwright
2026-02-11,LUK,9.89,9.8,9.99,9.7,2300,8,nepse_playwright
2026-02-11,LVF2,9.5,9.44,9.63,9.44,13670,17,nepse_playwright
2026-02-11,MBLEF,10.1,9.95,10.12,9.95,48000,28,nepse_playwright
2026-02-11,MMF1,8.92,9.18,9.23,8.72,16830,32,nepse_playwright
2026-02-11,MNMF1,9.45,9.54,9.58,9.4,7200,18,nepse_playwright
2026-02-11,NBF2,9.68,9.55,9.77,9.55,5000,12,nepse_playwright
2026-02-11,NBF3,9.77,9.41,9.77,9.39,90149,34,nepse_playwright
2026-02-11,NIBLGF,9.8,10.21,11.03,9.8,50800,44,nepse_playwright
2026-02-11,NIBLSTF,9.09,9.46,9.46,9.0,3700,16,nepse_playwright
2026-02-11,NIBSF2,9.15,9.13,9.31,9.02,5240,17,nepse_playwright
2026-02-11,NICBF,9.19,9.12,9.2,9.12,7300,7,nepse_playwright
2026-02-11,NICFC,9.16,9.0,9.17,9.0,4200,21,nepse_playwright
2026-02-11,NICGF2,9.1,9.27,9.31,9.1,130600,23,nepse_playwright
2026-02-11,NICSF,8.82,8.8,8.91,8.76,4000,11,nepse_playwright
2026-02-11,NMB50,10.26,10.3,10.3,10.13,52700,8,nepse_playwright
2026-02-11,NMBHF2,9.4,9.26,9.41,9.26,9230,38,nepse_playwright
2026-02-11,NSIF2,10.7,10.61,10.82,10.61,50800,10,nepse_playwright
2026-02-11,PRSF,11.26,11.26,11.26,11.26,600,2,nepse_playwright
2026-02-11,PSF,11.1,10.96,11.18,10.96,12449,20,nepse_playwright
2026-02-11,RBBF40,9.61,9.8,9.8,9.61,350,3,nepse_playwright
2026-02-11,RMF1,9.65,9.53,10.28,9.3,227200,34,nepse_playwright
2026-02-11,RMF2,9.9,9.8,10.13,9.8,4650,5,nepse_playwright
2026-02-11,RSY,9.8,9.8,10.0,9.76,23700,36,nepse_playwright
2026-02-11,SAGF,9.87,9.75,10.04,9.75,43000,15,nepse_playwright
2026-02-11,SBCF,9.5,9.5,9.69,9.39,8975,13,nepse_playwright
2026-02-11,SEF,9.79,9.6,9.86,9.6,5300,12,nepse_playwright
2026-02-11,SFEF,9.94,9.78,9.94,9.6,58704,16,nepse_playwright
2026-02-11,SFMF,10.21,10.01,10.21,10.01,2070,5,nepse_playwright
2026-02-11,SIGS2,9.8,9.64,9.81,9.64,5000,7,nepse_playwright
2026-02-11,SIGS3,9.81,10.3,10.39,9.81,34300,10,nepse_playwright
2026-02-11,SLCF,9.71,9.7,9.9,9.7,1950,7,nepse_playwright
2026-02-12,C30MF,9.71,9.65,10.0,9.65,800,6,nepse_playwright
2026-02-12,CMF2,9.83,9.83,9.83,9.83,2500,4,nepse_playwright
2026-02-12,GBIMESY2,9.53,9.35,9.53,9.21,1600,15,nepse_playwright
2026-02-12,GIBF1,10.81,10.6,10.89,10.6,30200,30,nepse_playwright
2026-02-12,GSY,9.65,9.36,9.85,9.36,16100,38,nepse_playwright
2026-02-12,H8020,11.42,11.65,11.88,11.42,15100,20,nepse_playwright
2026-02-12,HLICF,9.25,9.23,9.41,9.23,2380,15,nepse_playwright
2026-02-12,KDBY,10.3,9.87,10.3,9.87,16500,47,nepse_playwright
2026-02-12,KEF,9.38,9.4,9.49,9.31,11600,19,nepse_playwright
2026-02-12,KSY,9.58,9.51,9.58,9.4,400,3,nepse_playwright
2026-02-12,LUK,9.9,9.9,9.9,9.9,1000,3,nepse_playwright
2026-02-12,LVF2,9.64,9.5,9.64,9.46,1300,4,nepse_playwright
2026-02-12,MBLEF,10.09,10.2,10.2,9.91,17400,37,nepse_playwright
2026-02-12,MMF1,9.08,9.05,9.2,8.81,50545,47,nepse_playwright
2026-02-12,MNMF1,9.7,9.32,9.91,9.32,13100,39,nepse_playwright
2026-02-12,NBF2,9.85,9.87,10.1,9.83,102500,14,nepse_playwright
2026-02-12,NBF3,9.65,9.96,9.97,9.61,26825,23,nepse_playwright
2026-02-12,NIBLGF,9.52,9.7,9.7,9.51,3050,12,nepse_playwright
2026-02-12,NIBLSTF,9.26,9.27,9.45,9.09,2900,7,nepse_playwright
2026-02-12,NIBSF2,9.15,9.2,9.3,9.12,10315,14,nepse_playwright
2026-02-12,NICBF,9.2,9.37,9.37,9.2,892,3,nepse_playwright
2026-02-12,NICFC,9.16,9.0,9.28,9.0,3600,26,nepse_playwright
2026-02-12,NICGF2,9.19,8.97,9.32,8.97,3180,19,nepse_playwright
2026-02-12,NICSF,8.92,8.67,9.1,8.67,6200,11,nepse_playwright
2026-02-12,NMB50,10.25,10.46,10.46,10.25,1990,7,nepse_playwright
2026-02-12,NMBHF2,9.45,9.3,9.58,9.3,5700,21,nepse_playwright
2026-02-12,NSIF2,10.66,10.61,10.75,10.6,175750,20,nepse_playwright
2026-02-12,PRSF,11.27,11.13,11.47,11.13,13100,8,nepse_playwright
2026-02-12,PSF,11.3,10.96,11.39,10.96,2901,14,nepse_playwright
2026-02-12,RBBF40,9.38,9.5,9.7,9.02,2440,15,nepse_playwright
2026-02-12,RMF1,9.6,9.84,9.99,9.45,22700,23,nepse_playwright
2026-02-12,RMF2,10.18,9.85,10.18,9.85,26800,7,nepse_playwright
2026-02-12,RSY,9.78,9.74,9.99,9.74,14250,26,nepse_playwright
2026-02-12,SAGF,9.87,9.81,9.87,9.81,1150,8,nepse_playwright
2026-02-12,SBCF,9.4,9.4,9.5,9.4,1300,5,nepse_playwright
2026-02-12,SEF,9.79,9.89,9.89,9.79,20800,6,nepse_playwright
2026-02-12,SFEF,9.8,9.8,9.8,9.8,1300,7,nepse_playwright
2026-02-12,SFMF,10.23,10.02,10.23,10.02,6000,3,nepse_playwright
2026-02-12,SIGS2,9.7,9.7,9.7,9.7,400,2,nepse_playwright
2026-02-12,SIGS3,10.35,10.0,10.35,10.0,6500,11,nepse_playwright
2026-02-12,SLCF,9.89,9.6,9.89,9.6,11440,10,nepse_playwright
2026-02-16,C30MF,9.68,9.54,9.68,9.54,3000,6,nepse_playwright
2026-02-16,CMF2,9.86,9.86,9.9,9.86,1300,3,nepse_playwright
2026-02-16,GBIMESY2,9.34,9.34,9.5,8.99,33310,18,nepse_playwright
2026-02-16,GIBF1,10.77,10.67,10.77,10.67,2600,14,nepse_playwright
2026-02-16,GSY,9.6,9.46,9.8,9.27,16350,51,nepse_playwright
2026-02-16,H8020,11.45,11.2,11.68,11.2,27900,23,nepse_playwright
2026-02-16,HLICF,9.26,9.07,9.26,9.07,1900,15,nepse_playwright
2026-02-16,KDBY,10.3,10.1,10.3,10.0,3900,35,nepse_playwright
2026-02-16,KEF,9.56,9.3,9.56,9.18,5300,18,nepse_playwright
2026-02-16,KSY,9.39,9.39,9.42,9.39,1200,9,nepse_playwright
2026-02-16,LUK,9.9,9.71,10.09,9.71,8945,9,nepse_playwright
2026-02-16,LVF2,9.71,9.5,9.71,9.5,13845,11,nepse_playwright
2026-02-16,MBLEF,10.07,10.08,10.09,9.96,21230,25,nepse_playwright
2026-02-16,MMF1,8.92,9.26,9.26,8.91,14750,26,nepse_playwright
2026-02-16,MNMF1,9.6,9.89,9.89,9.6,7200,29,nepse_playwright
2026-02-16,NBF2,9.61,9.8,9.99,9.61,60360,11,nepse_playwright
2026-02-16,NBF3,9.47,9.5,9.6,9.47,13900,21,nepse_playwright
2026-02-16,NIBLGF,9.33,9.33,9.33,9.33,900,5,nepse_playwright
2026-02-16,NIBLSTF,9.23,9.26,9.4,9.05,6300,15,nepse_playwright
2026-02-16,NIBSF2,9.08,9.02,9.17,9.02,4470,12,nepse_playwright
2026-02-16,NICBF,9.32,9.03,9.32,9.03,5900,6,nepse_playwright
2026-02-16,NICFC,9.2,9.0,9.2,9.0,3110,29,nepse_playwright
2026-02-16,NICGF2,9.16,9.18,9.3,9.05,2900,18,nepse_playwright
2026-02-16,NICSF,8.9,8.75,8.95,8.65,5600,14,nepse_playwright
2026-02-16,NMB50,10.45,10.11,10.45,10.11,5270,7,nepse_playwright
2026-02-16,NMBHF2,9.55,9.31,9.55,9.31,12909,41,nepse_playwright
2026-02-16,NSIF2,10.75,10.67,10.75,10.56,18370,14,nepse_playwright
2026-02-16,PRSF,11.32,11.1,11.32,11.1,4594,11,nepse_playwright
2026-02-16,PSF,11.08,11.08,11.08,11.08,1500,6,nepse_playwright
2026-02-16,RBBF40,9.16,9.2,9.3,9.0,3900,27,nepse_playwright
2026-02-16,RMF1,9.78,9.79,9.96,9.6,2650,12,nepse_playwright
2026-02-16,RMF2,9.81,9.98,10.0,9.81,1900,6,nepse_playwright
2026-02-16,RSY,10.0,9.75,10.0,9.64,18361,19,nepse_playwright
2026-02-16,SAGF,9.99,9.75,10.2,9.75,29900,19,nepse_playwright
2026-02-16,SBCF,9.58,9.4,9.77,9.39,124150,19,nepse_playwright
2026-02-16,SEF,9.65,9.65,9.88,9.65,15875,12,nepse_playwright
2026-02-16,SFEF,9.71,9.62,9.71,9.62,900,5,nepse_playwright
2026-02-16,SFMF,10.27,10.03,10.27,10.03,19280,8,nepse_playwright
2026-02-16,SIGS2,9.88,9.81,9.88,9.81,15700,4,nepse_playwright
2026-02-16,SIGS3,10.3,10.3,10.3,10.23,9800,12,nepse_playwright
2026-02-16,SLCF,9.75,9.7,9.75,9.6,3200,12,nepse_playwright
2026-02-17,C30MF,9.57,9.6,9.6,9.57,600,6,nepse_playwright
2026-02-17,CMF2,10.2,10.05,10.2,10.0,2810,6,nepse_playwright
2026-02-17,GBIMESY2,9.3,9.3,9.3,9.25,1310,10,nepse_playwright
2026-02-17,GIBF1,10.7,10.6,10.7,10.57,1600,15,nepse_playwright
2026-02-17,GSY,9.7,9.58,9.7,9.46,31200,53,nepse_playwright
2026-02-17,H8020,11.41,11.32,11.54,11.32,3410,13,nepse_playwright
2026-02-17,HLICF,9.61,9.08,9.61,9.08,5709,21,nepse_playwright
2026-02-17,KDBY,10.16,10.1,10.16,9.93,5100,34,nepse_playwright
2026-02-17,KEF,9.56,9.4,9.56,9.22,24965,25,nepse_playwright
2026-02-17,KSY,9.68,9.32,9.69,9.32,10800,21,nepse_playwright
2026-02-17,LUK,9.7,9.72,9.75,9.7,18060,8,nepse_playwright
2026-02-17,LVF2,9.54,9.62,9.73,9.54,19335,15,nepse_playwright
2026-02-17,MBLEF,10.01,10.02,10.26,10.01,25400,40,nepse_playwright
2026-02-17,MMF1,9.0,8.8,9.27,8.79,9100,34,nepse_playwright
2026-02-17,MNMF1,9.46,9.41,9.79,9.41,21209,38,nepse_playwright
2026-02-17,NBF2,9.62,9.61,9.8,9.61,9039,11,nepse_playwright
2026-02-17,NBF3,9.45,9.47,9.69,9.44,36330,33,nepse_playwright
2026-02-17,NIBLGF,9.5,9.15,9.5,8.46,71300,18,nepse_playwright
2026-02-17,NIBLSTF,9.12,9.41,9.41,8.94,5250,27,nepse_playwright
2026-02-17,NIBSF2,9.26,8.91,9.26,8.17,40600,23,nepse_playwright
2026-02-17,NICBF,9.65,9.21,9.69,9.21,38385,17,nepse_playwright
2026-02-17,NICFC,9.2,9.16,9.2,9.16,3300,23,nepse_playwright
2026-02-17,NICGF2,9.47,9.11,9.47,9.11,67994,29,nepse_playwright
2026-02-17,NICSF,9.12,8.8,9.12,8.8,8613,29,nepse_playwright
2026-02-17,NMB50,10.17,10.25,10.25,10.07,990,5,nepse_playwright
2026-02-17,NMBHF2,9.5,9.38,9.5,9.38,8700,27,nepse_playwright
2026-02-17,NSIF2,10.6,10.8,10.81,10.56,1711,9,nepse_playwright
2026-02-17,PRSF,11.19,11.3,11.49,11.18,74700,14,nepse_playwright
2026-02-17,PSF,11.2,10.86,11.2,10.86,7400,24,nepse_playwright
2026-02-17,RBBF40,9.52,9.1,9.52,9.1,3400,12,nepse_playwright
2026-02-17,RMF1,9.77,9.97,9.97,9.55,103700,19,nepse_playwright
2026-02-17,RMF2,9.95,9.68,9.95,9.68,1900,6,nepse_playwright
2026-02-17,RSY,10.09,9.85,10.18,9.85,46100,30,nepse_playwright
2026-02-17,SAGF,9.87,9.81,10.15,9.81,1850,12,nepse_playwright
2026-02-17,SBCF,9.4,9.68,9.68,9.4,36034,17,nepse_playwright
2026-02-17,SEF,9.73,9.65,9.73,9.55,6360,6,nepse_playwright
2026-02-17,SFEF,9.66,9.7,9.7,9.63,63600,9,nepse_playwright
2026-02-17,SFMF,10.26,10.24,10.26,10.24,22138,5,nepse_playwright
2026-02-17,SIGS2,9.69,9.69,9.69,9.69,800,2,nepse_playwright
2026-02-17,SIGS3,10.21,10.3,10.49,10.21,11600,9,nepse_playwright
2026-02-17,SLCF,9.58,9.92,9.93,9.56,1620,9,nepse_playwright
2026-02-22,C30MF,9.61,9.51,9.61,9.51,1500,7,nepse_playwright
2026-02-22,CMF2,10.2,10.2,10.2,10.2,169,1,nepse_playwright
2026-02-22,GBIMESY2,9.15,9.15,9.16,9.15,1300,8,nepse_playwright
2026-02-22,GIBF1,10.65,10.55,10.69,10.55,13432,19,nepse_playwright
2026-02-22,GSY,9.43,9.75,9.75,9.39,18880,31,nepse_playwright
2026-02-22,H8020,11.42,11.41,11.63,11.41,27100,17,nepse_playwright
2026-02-22,HLICF,9.3,9.43,9.43,9.3,699,6,nepse_playwright
2026-02-22,KDBY,9.83,10.01,10.16,9.82,14520,38,nepse_playwright
2026-02-22,KEF,9.4,9.55,9.55,9.36,8450,7,nepse_playwright
2026-02-22,KSY,9.43,9.49,9.49,9.43,1150,6,nepse_playwright
2026-02-22,LUK,9.7,9.7,9.7,9.7,100,1,nepse_playwright
2026-02-22,LVF2,9.48,9.36,9.73,9.36,5177,11,nepse_playwright
2026-02-22,MBLEF,10.09,10.01,10.2,10.01,5020,25,nepse_playwright
2026-02-22,MMF1,9.05,9.18,9.18,8.92,24416,31,nepse_playwright
2026-02-22,MNMF1,9.77,9.31,9.78,9.31,26500,31,nepse_playwright
2026-02-22,NBF2,9.6,9.8,9.8,9.53,18900,7,nepse_playwright
2026-02-22,NBF3,9.51,9.45,9.7,9.32,31100,28,nepse_playwright
2026-02-22,NIBLGF,9.88,9.31,9.88,9.31,3460,11,nepse_playwright
2026-02-22,NIBLSTF,9.2,9.3,9.3,9.02,3112,16,nepse_playwright
2026-02-22,NIBSF2,9.57,9.26,9.57,9.23,27455,20,nepse_playwright
2026-02-22,NICBF,9.61,9.8,9.8,9.61,1300,2,nepse_playwright
2026-02-22,NICFC,9.16,9.17,9.2,9.16,45250,27,nepse_playwright
2026-02-22,NICGF2,9.4,9.29,9.47,9.29,27300,14,nepse_playwright
2026-02-22,NICSF,9.1,9.24,9.24,8.95,600,4,nepse_playwright
2026-02-22,NMB50,10.3,10.3,10.37,10.3,34000,6,nepse_playwright
2026-02-22,NMBHF2,9.46,9.33,9.52,9.33,3250,22,nepse_playwright
2026-02-22,NSIF2,10.45,10.53,10.65,10.45,130359,18,nepse_playwright
2026-02-22,PRSF,11.18,11.41,11.41,11.18,21652,13,nepse_playwright
2026-02-22,PSF,11.08,11.0,11.1,11.0,9500,16,nepse_playwright
2026-02-22,RBBF40,9.77,9.52,9.77,9.33,4425,20,nepse_playwright
2026-02-22,RMF1,9.65,9.96,9.96,9.52,174540,21,nepse_playwright
2026-02-22,RMF2,9.87,9.81,9.87,9.81,11000,7,nepse_playwright
2026-02-22,RSY,10.0,9.89,10.0,9.89,32900,25,nepse_playwright
2026-02-22,SAGF,10.06,9.72,10.06,9.72,11598,9,nepse_playwright
2026-02-22,SBCF,9.58,9.26,9.58,9.26,8300,11,nepse_playwright
2026-02-22,SEF,9.43,9.56,9.6,9.43,52030,17,nepse_playwright
2026-02-22,SFEF,9.63,9.61,9.85,9.61,64838,11,nepse_playwright
2026-02-22,SFMF,10.26,10.26,10.26,10.26,0,0,nepse_playwright
2026-02-22,SIGS2,9.88,9.88,9.88,9.88,3000,1,nepse_playwright
2026-02-22,SIGS3,10.21,10.21,10.21,10.21,9800,8,nepse_playwright
2026-02-22,SLCF,9.7,9.45,9.75,9.45,3700,18,nepse_playwright
2026-02-23,C30MF,9.8,9.6,9.8,9.6,3300,6,nepse_playwright
2026-02-23,CMF2,9.87,10.0,10.0,9.86,30325,3,nepse_playwright
2026-02-23,GBIMESY2,9.33,8.97,9.33,8.81,3900,18,nepse_playwright
2026-02-23,GIBF1,10.65,10.54,10.83,10.54,2728,14,nepse_playwright
2026-02-23,GSY,9.4,9.26,9.55,9.26,3600,27,nepse_playwright
2026-02-23,H8020,11.5,11.3,11.52,11.3,117091,65,nepse_playwright
2026-02-23,HLICF,9.17,9.29,9.29,9.12,1710,12,nepse_playwright
2026-02-23,KDBY,10.0,9.83,10.04,9.83,6400,24,nepse_playwright
2026-02-23,KEF,9.21,9.39,9.39,9.1,2700,11,nepse_playwright
2026-02-23,KSY,9.33,9.3,9.33,9.3,12500,9,nepse_playwright
2026-02-23,LUK,9.94,9.75,9.94,9.55,5499,8,nepse_playwright
2026-02-23,LVF2,9.62,9.4,9.62,9.4,4865,12,nepse_playwright
2026-02-23,MBLEF,10.1,10.0,10.1,10.0,3300,23,nepse_playwright
2026-02-23,MMF1,9.61,9.23,9.8,8.9,210071,89,nepse_playwright
2026-02-23,MNMF1,9.5,9.58,9.74,9.22,2900,17,nepse_playwright
2026-02-23,NBF2,9.61,9.77,9.77,9.5,2450,7,nepse_playwright
2026-02-23,NBF3,9.4,9.33,9.5,9.15,10042,27,nepse_playwright
2026-02-23,NIBLGF,9.65,10.0,10.86,9.51,87150,19,nepse_playwright
2026-02-23,NIBLSTF,9.25,9.3,9.3,8.91,10960,27,nepse_playwright
2026-02-23,NIBSF2,9.11,9.74,10.52,9.02,43330,28,nepse_playwright
2026-02-23,NICBF,9.6,9.42,9.6,9.42,18500,3,nepse_playwright
2026-02-23,NICFC,9.16,9.03,9.2,9.03,13350,19,nepse_playwright
2026-02-23,NICGF2,9.25,9.22,9.25,9.04,1300,13,nepse_playwright
2026-02-23,NICSF,8.89,8.95,9.05,8.88,7500,11,nepse_playwright
2026-02-23,NMB50,10.49,10.1,10.49,10.1,3600,5,nepse_playwright
2026-02-23,NMBHF2,9.65,9.32,9.7,9.32,44898,35,nepse_playwright
2026-02-23,NSIF2,10.5,10.41,10.5,10.41,500,5,nepse_playwright
2026-02-23,PRSF,11.15,11.0,11.26,11.0,4500,8,nepse_playwright
2026-02-23,PSF,11.1,10.87,11.22,10.87,3200,11,nepse_playwright
2026-02-23,RBBF40,9.6,9.58,9.6,9.58,12788,22,nepse_playwright
2026-02-23,RMF1,9.65,9.84,9.84,9.5,88100,22,nepse_playwright
2026-02-23,RMF2,10.0,9.87,10.0,9.68,1039,7,nepse_playwright
2026-02-23,RSY,9.8,9.89,9.89,9.72,2810,18,nepse_playwright
2026-02-23,SAGF,9.9,9.86,10.05,9.8,1100,10,nepse_playwright
2026-02-23,SBCF,9.66,9.41,9.66,9.41,138810,7,nepse_playwright
2026-02-23,SEF,9.61,9.6,9.61,9.53,14400,7,nepse_playwright
2026-02-23,SFEF,9.6,9.45,9.6,9.45,10300,4,nepse_playwright
2026-02-23,SFMF,10.07,10.26,10.29,10.07,63450,8,nepse_playwright
2026-02-23,SIGS2,9.69,9.69,9.69,9.69,100,1,nepse_playwright
2026-02-23,SIGS3,10.11,10.05,10.16,10.05,1550,5,nepse_playwright
2026-02-23,SLCF,9.52,9.52,9.6,9.52,1150,5,nepse_playwright
2026-02-24,C30MF,9.7,9.7,9.7,9.7,400,4,nepse_playwright
2026-02-24,CMF2,9.86,9.86,9.86,9.86,200,1,nepse_playwright
2026-02-24,GBIMESY2,9.17,9.17,9.2,9.17,1570,8,nepse_playwright
2026-02-24,GIBF1,10.66,10.64,10.66,10.64,800,4,nepse_playwright
2026-02-24,GSY,9.41,9.33,9.41,9.33,1850,15,nepse_playwright
2026-02-24,H8020,11.5,11.3,11.5,11.3,400,4,nepse_playwright
2026-02-24,HLICF,9.15,8.99,9.15,8.99,1000,9,nepse_playwright
2026-02-24,KDBY,10.11,9.84,10.11,9.84,1950,19,nepse_playwright
2026-02-24,KEF,9.3,9.1,9.47,9.05,6604,18,nepse_playwright
2026-02-24,KSY,9.7,9.22,9.7,9.22,35370,15,nepse_playwright
2026-02-24,LUK,9.75,9.75,9.76,9.75,1100,3,nepse_playwright
2026-02-24,LVF2,9.5,9.6,9.69,9.5,84256,11,nepse_playwright
2026-02-24,MBLEF,10.1,10.06,10.25,10.05,4050,25,nepse_playwright
2026-02-24,MMF1,9.62,9.8,9.8,9.25,8860,25,nepse_playwright
2026-02-24,MNMF1,9.7,9.68,9.73,9.32,16200,17,nepse_playwright
2026-02-24,NBF2,9.61,9.5,9.8,9.5,11871,8,nepse_playwright
2026-02-24,NBF3,9.4,9.22,9.56,9.22,29954,26,nepse_playwright
2026-02-24,NIBLGF,9.46,9.46,9.46,9.28,400,4,nepse_playwright
2026-02-24,NIBLSTF,9.25,9.43,9.43,8.81,26780,47,nepse_playwright
2026-02-24,NIBSF2,9.03,9.02,9.2,9.02,4400,10,nepse_playwright
2026-02-24,NICBF,9.6,9.6,9.6,9.6,0,0,nepse_playwright
2026-02-24,NICFC,9.2,9.02,9.2,9.02,1300,9,nepse_playwright
2026-02-24,NICGF2,9.26,9.08,9.26,9.08,1750,14,nepse_playwright
2026-02-24,NICSF,9.1,9.0,9.19,9.0,18250,18,nepse_playwright
2026-02-24,NMB50,10.79,10.69,10.83,10.69,950,4,nepse_playwright
2026-02-24,NMBHF2,9.73,9.75,9.75,9.47,12948,19,nepse_playwright
2026-02-24,NSIF2,10.55,10.44,10.55,10.44,26500,6,nepse_playwright
2026-02-24,PRSF,11.36,11.13,11.36,11.13,5300,4,nepse_playwright
2026-02-24,PSF,11.01,11.0,11.2,11.0,8000,13,nepse_playwright
2026-02-24,RBBF40,9.6,9.6,9.6,9.6,0,0,nepse_playwright
2026-02-24,RMF1,9.45,9.84,9.84,9.28,4065,7,nepse_playwright
2026-02-24,RMF2,9.66,9.81,9.81,9.66,200,2,nepse_playwright
2026-02-24,RSY,9.9,9.73,9.99,9.72,3100,16,nepse_playwright
2026-02-24,SAGF,9.9,10.09,10.1,9.9,12100,6,nepse_playwright
2026-02-24,SBCF,9.75,9.48,9.75,9.48,13100,10,nepse_playwright
2026-02-24,SEF,9.62,9.44,9.62,9.44,3000,2,nepse_playwright
2026-02-24,SFEF,9.54,9.54,9.54,9.54,100,1,nepse_playwright
2026-02-24,SFMF,10.27,10.26,10.28,10.26,26955,5,nepse_playwright
2026-02-24,SIGS2,9.69,9.69,9.69,9.69,0,0,nepse_playwright
2026-02-24,SIGS3,10.17,10.15,10.2,10.15,27800,11,nepse_playwright
2026-02-24,SLCF,9.51,9.5,9.7,9.4,10460,15,nepse_playwright
2026-02-25,C30MF,9.53,9.53,9.53,9.53,500,1,nepse_playwright
2026-02-25,CMF2,10.18,9.85,10.18,9.85,4369,4,nepse_playwright
2026-02-25,GBIMESY2,9.35,8.99,9.35,8.99,6000,11,nepse_playwright
2026-02-25,GIBF1,10.65,10.7,10.83,10.58,8050,15,nepse_playwright
2026-02-25,GSY,9.47,9.32,9.59,9.32,7800,24,nepse_playwright
2026-02-25,H8020,11.73,11.28,11.73,11.28,3900,10,nepse_playwright
2026-02-25,HLICF,9.15,9.0,9.33,9.0,1730,15,nepse_playwright
2026-02-25,KDBY,10.11,9.92,10.11,9.92,6400,24,nepse_playwright
2026-02-25,KEF,9.26,9.13,9.3,9.12,3700,21,nepse_playwright
2026-02-25,KSY,9.33,9.51,9.51,9.33,200,2,nepse_playwright
2026-02-25,LUK,9.77,9.76,9.77,9.76,1100,2,nepse_playwright
2026-02-25,LVF2,9.51,9.41,9.69,9.41,4600,6,nepse_playwright
2026-02-25,MBLEF,10.04,9.9,10.28,9.9,23900,33,nepse_playwright
2026-02-25,MMF1,9.75,9.8,9.8,9.61,1400,3,nepse_playwright
2026-02-25,MNMF1,9.79,9.7,9.89,9.52,21600,20,nepse_playwright
2026-02-25,NBF2,9.7,9.51,9.7,9.51,21600,7,nepse_playwright
2026-02-25,NBF3,9.5,9.25,9.5,9.25,22280,27,nepse_playwright
2026-02-25,NIBLGF,9.28,9.29,9.29,9.28,200,2,nepse_playwright
2026-02-25,NIBLSTF,9.13,9.3,9.3,9.08,5743,26,nepse_playwright
2026-02-25,NIBSF2,9.03,8.85,9.21,8.85,4360,15,nepse_playwright
2026-02-25,NICBF,9.6,9.6,9.6,9.6,0,0,nepse_playwright
2026-02-25,NICFC,9.2,9.3,9.38,9.13,8300,16,nepse_playwright
2026-02-25,NICGF2,9.4,9.44,9.44,9.26,500,5,nepse_playwright
2026-02-25,NICSF,9.1,8.95,9.28,8.82,5350,12,nepse_playwright
2026-02-25,NMB50,10.4,10.58,10.58,10.35,17270,14,nepse_playwright
2026-02-25,NMBHF2,9.73,9.73,9.73,9.73,0,0,nepse_playwright
2026-02-25,NSIF2,10.42,10.4,10.42,10.4,400,2,nepse_playwright
2026-02-25,PRSF,11.38,11.5,11.5,11.3,107000,16,nepse_playwright
2026-02-25,PSF,11.05,11.2,11.2,10.94,7700,13,nepse_playwright
2026-02-25,RBBF40,9.26,9.7,9.7,9.1,3500,13,nepse_playwright
2026-02-25,RMF1,9.62,9.27,9.8,9.12,48800,22,nepse_playwright
2026-02-25,RMF2,9.84,9.55,9.84,9.55,1100,4,nepse_playwright
2026-02-25,RSY,10.01,9.72,10.01,9.72,3862,19,nepse_playwright
2026-02-25,SAGF,10.09,9.71,10.09,9.71,3100,10,nepse_playwright
2026-02-25,SBCF,9.51,9.77,9.77,9.5,900,6,nepse_playwright
2026-02-25,SEF,9.55,9.7,9.7,9.51,42500,10,nepse_playwright
2026-02-25,SFEF,9.61,9.55,9.73,9.55,41550,5,nepse_playwright
2026-02-25,SFMF,10.26,10.1,10.26,10.1,600,2,nepse_playwright
2026-02-25,SIGS2,9.88,9.88,9.88,9.69,1100,3,nepse_playwright
2026-02-25,SIGS3,9.97,10.37,10.37,9.97,200,2,nepse_playwright
2026-02-25,SLCF,9.46,9.42,9.5,9.42,1600,8,nepse_playwright
2026-02-26,C30MF,9.63,9.56,9.72,9.56,3800,8,nepse_playwright
2026-02-26,CMF2,10.24,10.23,10.24,10.23,279,2,nepse_playwright
2026-02-26,GBIMESY2,9.32,9.17,9.5,9.16,1850,9,nepse_playwright
2026-02-26,GIBF1,10.62,10.55,10.62,10.55,1300,8,nepse_playwright
2026-02-26,GSY,9.51,9.3,9.65,9.3,15500,33,nepse_playwright
2026-02-26,H8020,11.52,11.52,11.55,11.52,1200,3,nepse_playwright
2026-02-26,HLICF,9.08,8.97,9.08,8.97,1410,11,nepse_playwright
2026-02-26,KDBY,9.99,10.2,10.25,9.98,23228,19,nepse_playwright
2026-02-26,KEF,9.3,9.14,9.32,9.14,4600,7,nepse_playwright
2026-02-26,KSY,9.32,9.25,9.32,9.25,420,4,nepse_playwright
2026-02-26,LUK,9.8,9.61,9.8,9.61,2480,4,nepse_playwright
2026-02-26,LVF2,9.7,9.47,9.84,9.47,30450,19,nepse_playwright
2026-02-26,MBLEF,10.04,10.24,10.24,10.04,2600,9,nepse_playwright
2026-02-26,MMF1,9.53,9.69,9.69,9.26,16829,38,nepse_playwright
2026-02-26,MNMF1,9.65,9.8,9.8,9.42,11000,19,nepse_playwright
2026-02-26,NBF2,9.65,9.88,9.88,9.63,12740,11,nepse_playwright
2026-02-26,NBF3,9.51,9.69,9.69,9.5,35990,25,nepse_playwright
2026-02-26,NIBLGF,9.16,9.28,9.3,9.12,1131,6,nepse_playwright
2026-02-26,NIBLSTF,9.05,9.3,9.3,9.0,1800,15,nepse_playwright
2026-02-26,NIBSF2,9.04,9.0,9.21,9.0,3650,7,nepse_playwright
2026-02-26,NICBF,9.61,9.61,9.61,9.61,1200,1,nepse_playwright
2026-02-26,NICFC,9.46,9.3,9.48,9.12,36907,21,nepse_playwright
2026-02-26,NICGF2,9.22,9.22,9.22,9.22,2800,17,nepse_playwright
2026-02-26,NICSF,9.02,8.96,9.15,8.96,7000,13,nepse_playwright
2026-02-26,NMB50,10.3,10.25,10.3,10.25,800,4,nepse_playwright
2026-02-26,NMBHF2,9.41,9.54,9.55,9.39,4800,21,nepse_playwright
2026-02-26,NSIF2,10.62,10.49,10.62,10.49,7500,12,nepse_playwright
2026-02-26,PRSF,11.3,11.17,11.3,11.17,750,5,nepse_playwright
2026-02-26,PSF,11.02,11.2,11.2,11.0,1900,10,nepse_playwright
2026-02-26,RBBF40,9.46,9.44,9.65,9.26,2420,19,nepse_playwright
2026-02-26,RMF1,9.62,9.81,10.0,9.39,52050,29,nepse_playwright
2026-02-26,RMF2,9.81,9.99,9.99,9.81,5200,3,nepse_playwright
2026-02-26,RSY,10.0,9.81,10.01,9.81,28500,26,nepse_playwright
2026-02-26,SAGF,9.9,10.0,10.0,9.9,2100,9,nepse_playwright
2026-02-26,SBCF,9.35,9.35,9.35,9.35,1650,6,nepse_playwright
2026-02-26,SEF,9.57,9.74,9.74,9.57,2700,5,nepse_playwright
2026-02-26,SFEF,9.79,9.53,9.8,9.53,51747,14,nepse_playwright
2026-02-26,SFMF,10.26,10.06,10.26,10.06,2500,5,nepse_playwright
2026-02-26,SIGS2,9.69,9.7,9.7,9.69,13400,4,nepse_playwright
2026-02-26,SIGS3,10.3,10.01,10.3,10.01,4054,13,nepse_playwright
2026-02-26,SLCF,9.66,9.48,9.66,9.48,4800,6,nepse_playwright
2026-03-01,C30MF,9.82,9.61,9.82,9.61,2200,3,nepse_playwright
2026-03-01,CMF2,10.23,10.04,10.23,10.04,400,3,nepse_playwright
2026-03-01,GBIMESY2,9.14,9.5,9.5,9.14,2430,10,nepse_playwright
2026-03-01,GIBF1,10.63,10.61,10.63,10.61,1100,10,nepse_playwright
2026-03-01,GSY,9.48,9.4,9.5,9.31,34000,19,nepse_playwright
2026-03-01,H8020,11.62,11.7,11.75,11.6,4600,14,nepse_playwright
2026-03-01,HLICF,9.09,9.26,9.26,9.09,300,2,nepse_playwright
2026-03-01,KDBY,9.91,9.81,10.04,9.81,11400,13,nepse_playwright
2026-03-01,KEF,9.18,9.3,9.3,9.12,6900,14,nepse_playwright
2026-03-01,KSY,9.4,9.15,9.4,9.15,2800,10,nepse_playwright
2026-03-01,LUK,9.8,9.61,9.8,9.61,1450,5,nepse_playwright
2026-03-01,LVF2,9.6,9.51,9.6,9.51,6630,8,nepse_playwright
2026-03-01,MBLEF,10.05,10.04,10.24,10.04,374600,24,nepse_playwright
2026-03-01,MMF1,9.25,9.7,9.7,9.16,29800,49,nepse_playwright
2026-03-01,MNMF1,9.68,9.46,9.69,9.46,5200,13,nepse_playwright
2026-03-01,NBF2,9.53,9.8,9.8,9.48,22900,13,nepse_playwright
2026-03-01,NBF3,9.42,9.32,9.5,9.32,4040,11,nepse_playwright
2026-03-01,NIBLGF,9.71,8.98,9.71,8.24,33000,27,nepse_playwright
2026-03-01,NIBLSTF,9.28,9.2,9.37,9.05,7012,22,nepse_playwright
2026-03-01,NIBSF2,9.22,8.94,9.22,8.91,9390,14,nepse_playwright
2026-03-01,NICBF,9.43,9.42,9.43,9.42,500,3,nepse_playwright
2026-03-01,NICFC,9.44,9.28,9.44,9.1,1000,7,nepse_playwright
2026-03-01,NICGF2,9.4,9.4,9.4,9.22,3540,15,nepse_playwright
2026-03-01,NICSF,9.18,8.96,9.18,8.96,21994,10,nepse_playwright
2026-03-01,NMB50,10.13,10.12,10.13,10.12,4100,3,nepse_playwright
2026-03-01,NMBHF2,9.46,9.4,9.64,9.4,18150,21,nepse_playwright
2026-03-01,NSIF2,10.69,10.44,10.7,10.44,23665,10,nepse_playwright
2026-03-01,PRSF,11.21,11.21,11.21,11.21,600,6,nepse_playwright
2026-03-01,PSF,10.87,10.8,10.87,10.62,2500,4,nepse_playwright
2026-03-01,RBBF40,9.48,9.28,9.64,9.28,1100,9,nepse_playwright
2026-03-01,RMF1,9.75,9.79,9.79,9.44,36100,17,nepse_playwright
2026-03-01,RMF2,9.82,9.81,9.82,9.81,700,4,nepse_playwright
2026-03-01,RSY,9.9,10.0,10.0,9.81,12250,10,nepse_playwright
2026-03-01,SAGF,9.9,9.8,10.05,9.8,3300,7,nepse_playwright
2026-03-01,SBCF,9.45,9.5,9.5,9.35,23730,14,nepse_playwright
2026-03-01,SEF,9.6,9.57,9.75,9.57,1300,4,nepse_playwright
2026-03-01,SFEF,9.75,9.6,9.79,9.46,55999,12,nepse_playwright
2026-03-01,SFMF,10.06,10.06,10.06,10.06,100,1,nepse_playwright
2026-03-01,SIGS2,9.58,9.5,9.6,9.5,10300,5,nepse_playwright
2026-03-01,SIGS3,10.3,10.1,10.3,10.1,5300,5,nepse_playwright
2026-03-01,SLCF,9.5,9.48,9.51,9.48,850,4,nepse_playwright
2026-03-03,C30MF,9.82,9.8,9.82,9.76,32500,10,nepse_playwright
2026-03-03,CMF2,10.1,10.05,10.1,10.05,35325,4,nepse_playwright
2026-03-03,GBIMESY2,9.2,9.32,9.32,9.17,2400,5,nepse_playwright
2026-03-03,GIBF1,10.82,10.61,10.82,10.61,2050,8,nepse_playwright
2026-03-03,GSY,9.6,9.48,9.82,9.35,4300,16,nepse_playwright
2026-03-03,H8020,11.95,11.85,11.95,11.6,7350,12,nepse_playwright
2026-03-03,HLICF,9.18,9.2,9.2,9.02,800,8,nepse_playwright
2026-03-03,KDBY,9.96,10.1,10.21,9.93,12001,37,nepse_playwright
2026-03-03,KEF,9.36,9.05,9.36,9.05,10350,7,nepse_playwright
2026-03-03,KSY,9.58,9.25,9.58,9.25,310,3,nepse_playwright
2026-03-03,LUK,9.7,9.7,9.7,9.7,700,4,nepse_playwright
2026-03-03,LVF2,9.79,9.79,9.79,9.79,21695,2,nepse_playwright
2026-03-03,MBLEF,10.12,10.05,10.25,10.05,32100,20,nepse_playwright
2026-03-03,MMF1,9.43,9.08,9.5,9.08,30806,36,nepse_playwright
2026-03-03,MNMF1,9.62,9.5,9.62,9.34,3900,15,nepse_playwright
2026-03-03,NBF2,9.72,9.53,9.72,9.53,3046,7,nepse_playwright
2026-03-03,NBF3,9.6,9.5,9.6,9.5,4350,7,nepse_playwright
2026-03-03,NIBLGF,9.9,9.65,9.9,9.42,21540,14,nepse_playwright
2026-03-03,NIBLSTF,9.2,9.11,9.2,9.11,6088,11,nepse_playwright
2026-03-03,NIBSF2,9.11,9.05,9.25,9.05,2500,6,nepse_playwright
2026-03-03,NICBF,9.61,9.61,9.61,9.61,500,1,nepse_playwright
2026-03-03,NICFC,9.62,9.26,9.62,9.26,27023,20,nepse_playwright
2026-03-03,NICGF2,9.27,9.58,9.58,9.22,5530,11,nepse_playwright
2026-03-03,NICSF,9.48,9.08,9.48,9.02,30985,16,nepse_playwright
2026-03-03,NMB50,10.53,10.33,10.53,10.33,4120,4,nepse_playwright
2026-03-03,NMBHF2,9.44,9.4,9.53,9.4,2700,16,nepse_playwright
2026-03-03,NSIF2,10.62,10.61,10.62,10.61,800,3,nepse_playwright
2026-03-03,PRSF,11.38,11.16,11.38,11.16,1030,3,nepse_playwright
2026-03-03,PSF,11.2,10.8,11.2,10.8,26800,12,nepse_playwright
2026-03-03,RBBF40,9.45,9.5,9.58,9.3,4000,14,nepse_playwright
2026-03-03,RMF1,9.58,9.57,9.76,9.39,6906,9,nepse_playwright
2026-03-03,RMF2,10.0,9.82,10.0,9.82,10100,6,nepse_playwright
2026-03-03,RSY,10.0,9.91,10.03,9.91,86684,28,nepse_playwright
2026-03-03,SAGF,9.9,9.71,9.9,9.71,500,5,nepse_playwright
2026-03-03,SBCF,9.62,9.39,9.62,9.39,710,4,nepse_playwright
2026-03-03,SEF,9.7,9.41,9.7,9.41,7250,11,nepse_playwright
2026-03-03,SFEF,9.93,9.93,9.93,9.93,1692,1,nepse_playwright
2026-03-03,SFMF,10.06,10.06,10.06,10.06,0,0,nepse_playwright
2026-03-03,SIGS2,9.5,9.5,9.5,9.5,200,1,nepse_playwright
2026-03-03,SIGS3,10.12,10.12,10.12,10.12,300,3,nepse_playwright
2026-03-03,SLCF,9.68,9.5,9.68,9.5,10279,7,nepse_playwright
2026-03-09,C30MF,9.82,9.82,9.82,9.82,0,0,nepse_playwright
2026-03-09,CMF2,10.1,10.1,10.1,10.1,0,0,nepse_playwright
2026-03-09,GBIMESY2,9.2,9.2,9.2,9.2,0,0,nepse_playwright
2026-03-09,GIBF1,10.82,10.82,10.82,10.82,0,0,nepse_playwright
2026-03-09,GSY,9.6,9.6,9.6,9.6,0,0,nepse_playwright
2026-03-09,H8020,11.95,11.95,11.95,11.95,0,0,nepse_playwright
2026-03-09,HLICF,9.18,9.18,9.18,9.18,0,0,nepse_playwright
2026-03-09,KDBY,9.96,9.96,9.96,9.96,0,0,nepse_playwright
2026-03-09,KEF,9.36,9.36,9.36,9.36,0,0,nepse_playwright
2026-03-09,KSY,9.58,9.58,9.58,9.58,0,0,nepse_playwright
2026-03-09,LUK,9.7,9.7,9.7,9.7,0,0,nepse_playwright
2026-03-09,LVF2,9.79,9.79,9.79,9.79,0,0,nepse_playwright
2026-03-09,MBLEF,10.12,10.12,10.12,10.12,0,0,nepse_playwright
2026-03-09,MMF1,9.43,9.43,9.43,9.43,0,0,nepse_playwright
2026-03-09,MNMF1,9.62,9.62,9.62,9.62,0,0,nepse_playwright
2026-03-09,NBF2,9.89,9.89,9.89,9.89,5000,1,nepse_playwright
2026-03-09,NBF3,9.6,9.6,9.6,9.6,0,0,nepse_playwright
2026-03-09,NIBLGF,9.9,9.9,9.9,9.9,0,0,nepse_playwright
2026-03-09,NIBLSTF,9.38,9.38,9.38,9.38,100,1,nepse_playwright
2026-03-09,NIBSF2,9.11,9.11,9.11,9.11,0,0,nepse_playwright
2026-03-09,NICBF,9.61,9.61,9.61,9.61,0,0,nepse_playwright
2026-03-09,NICFC,9.81,9.81,9.81,9.81,200,2,nepse_playwright
2026-03-09,NICGF2,9.27,9.27,9.27,9.27,0,0,nepse_playwright
2026-03-09,NICSF,9.48,9.48,9.48,9.48,0,0,nepse_playwright
2026-03-09,NMB50,10.53,10.53,10.53,10.53,0,0,nepse_playwright
2026-03-09,NMBHF2,9.44,9.44,9.44,9.44,0,0,nepse_playwright
2026-03-09,NSIF2,10.62,10.62,10.62,10.62,0,0,nepse_playwright
2026-03-09,PRSF,11.38,11.38,11.38,11.38,0,0,nepse_playwright
2026-03-09,PSF,11.2,11.2,11.2,11.2,0,0,nepse_playwright
2026-03-09,RBBF40,9.45,9.45,9.45,9.45,0,0,nepse_playwright
2026-03-09,RMF1,9.77,9.77,9.77,9.77,100,1,nepse_playwright
2026-03-09,RMF2,10.0,10.0,10.0,10.0,0,0,nepse_playwright
2026-03-09,RSY,10.0,10.0,10.0,10.0,0,0,nepse_playwright
2026-03-09,SAGF,9.9,9.9,9.9,9.9,0,0,nepse_playwright
2026-03-09,SBCF,9.62,9.62,9.62,9.62,0,0,nepse_playwright
2026-03-09,SEF,9.7,9.7,9.7,9.7,0,0,nepse_playwright
2026-03-09,SFEF,10.12,10.12,10.12,10.12,47183,1,nepse_playwright
2026-03-09,SFMF,10.06,10.06,10.06,10.06,0,0,nepse_playwright
2026-03-09,SIGS2,9.5,9.5,9.5,9.5,0,0,nepse_playwright
2026-03-09,SIGS3,10.12,10.12,10.12,10.12,0,0,nepse_playwright
2026-03-09,SLCF,9.68,9.68,9.68,9.68,0,0,nepse_playwright
2026-03-10,C30MF,9.93,10.01,10.11,9.92,2300,9,nepse_playwright
2026-03-10,CMF2,10.32,10.1,10.58,10.03,27538,19,nepse_playwright
2026-03-10,GBIMESY2,9.37,9.2,9.56,9.07,12673,25,nepse_playwright
2026-03-10,GIBF1,10.71,10.66,10.89,10.66,20190,21,nepse_playwright
2026-03-10,GSY,9.79,9.6,9.89,9.41,48150,46,nepse_playwright
2026-03-10,H8020,11.8,11.73,11.9,11.73,3400,5,nepse_playwright
2026-03-10,HLICF,9.45,9.36,9.5,9.18,2520,17,nepse_playwright
2026-03-10,KDBY,10.15,10.15,10.35,9.95,55623,67,nepse_playwright
2026-03-10,KEF,9.53,9.18,9.54,9.18,14600,23,nepse_playwright
2026-03-10,KSY,9.46,9.5,9.5,9.31,2500,12,nepse_playwright
2026-03-10,LUK,9.8,9.53,9.8,9.53,4800,10,nepse_playwright
2026-03-10,LVF2,9.82,9.9,9.98,9.8,42820,26,nepse_playwright
2026-03-10,MBLEF,10.43,10.1,10.43,10.1,8900,42,nepse_playwright
2026-03-10,MMF1,9.55,9.61,9.79,9.31,60999,57,nepse_playwright
2026-03-10,MNMF1,9.8,9.62,9.84,9.51,54400,42,nepse_playwright
2026-03-10,NBF2,10.0,10.08,10.08,9.81,49996,13,nepse_playwright
2026-03-10,NBF3,9.75,9.66,9.75,9.31,46520,49,nepse_playwright
2026-03-10,NIBLGF,10.3,10.09,10.3,9.34,13350,32,nepse_playwright
2026-03-10,NIBLSTF,9.36,9.56,9.56,9.12,6600,30,nepse_playwright
2026-03-10,NIBSF2,9.12,9.11,9.2,9.1,25000,23,nepse_playwright
2026-03-10,NICBF,9.06,9.42,9.42,9.06,350,3,nepse_playwright
2026-03-10,NICFC,9.35,9.8,9.8,9.35,3600,15,nepse_playwright
2026-03-10,NICGF2,9.3,9.27,9.3,9.2,3750,16,nepse_playwright
2026-03-10,NICSF,9.49,9.3,9.49,9.3,14150,9,nepse_playwright
2026-03-10,NMB50,10.75,10.65,10.81,10.35,57500,13,nepse_playwright
2026-03-10,NMBHF2,9.82,9.4,9.82,9.37,5250,28,nepse_playwright
2026-03-10,NSIF2,11.03,10.83,11.03,10.62,325759,36,nepse_playwright
2026-03-10,PRSF,11.32,11.19,11.41,11.19,26800,11,nepse_playwright
2026-03-10,PSF,11.39,11.04,11.56,11.04,73500,27,nepse_playwright
2026-03-10,RBBF40,9.28,9.27,9.45,9.27,13900,21,nepse_playwright
2026-03-10,RMF1,9.65,9.77,9.93,9.41,47110,33,nepse_playwright
2026-03-10,RMF2,10.03,10.03,10.03,10.03,7400,10,nepse_playwright
2026-03-10,RSY,10.2,10.0,10.23,9.9,35040,57,nepse_playwright
2026-03-10,SAGF,10.05,10.09,10.24,10.03,6038,28,nepse_playwright
2026-03-10,SBCF,9.9,9.65,9.9,9.65,24470,19,nepse_playwright
2026-03-10,SEF,9.9,9.89,9.94,9.6,45950,18,nepse_playwright
2026-03-10,SFEF,10.1,10.12,10.12,10.1,292200,17,nepse_playwright
2026-03-10,SFMF,10.26,10.1,10.26,10.1,7924,10,nepse_playwright
2026-03-10,SIGS2,9.7,9.69,9.85,9.5,21295,14,nepse_playwright
2026-03-10,SIGS3,10.2,10.25,10.25,10.15,1700,12,nepse_playwright
2026-03-10,SLCF,9.6,9.5,9.6,9.5,3200,12,nepse_playwright
2026-03-11,C30MF,10.16,9.95,10.16,9.95,132600,21,nepse_playwright
2026-03-11,CMF2,10.45,10.3,10.45,10.2,14800,12,nepse_playwright
2026-03-11,GBIMESY2,9.52,9.19,9.55,9.19,2100,8,nepse_playwright
2026-03-11,GIBF1,10.77,10.67,10.94,10.67,12200,17,nepse_playwright
2026-03-11,GSY,9.65,9.6,9.65,9.45,22900,32,nepse_playwright
2026-03-11,H8020,11.81,11.75,11.95,11.75,22750,16,nepse_playwright
2026-03-11,HLICF,9.5,9.45,9.5,9.45,13800,9,nepse_playwright
2026-03-11,KDBY,10.2,10.1,10.35,10.1,155840,54,nepse_playwright
2026-03-11,KEF,9.55,9.35,9.72,9.35,21710,23,nepse_playwright
2026-03-11,KSY,9.95,9.46,9.95,9.32,53370,23,nepse_playwright
2026-03-11,LUK,9.99,9.8,9.99,9.8,6450,8,nepse_playwright
2026-03-11,LVF2,9.93,10.01,10.01,9.82,7460,13,nepse_playwright
2026-03-11,MBLEF,10.5,10.3,10.5,10.1,1067820,36,nepse_playwright
2026-03-11,MMF1,9.6,9.74,9.74,9.42,9078,42,nepse_playwright
2026-03-11,MNMF1,9.85,9.61,9.89,9.61,30590,36,nepse_playwright
2026-03-11,NBF2,9.9,9.87,9.9,9.87,4900,6,nepse_playwright
2026-03-11,NBF3,9.7,9.65,9.83,9.62,37950,31,nepse_playwright
2026-03-11,NIBLGF,9.9,10.1,10.92,9.71,45285,27,nepse_playwright
2026-03-11,NIBLSTF,9.47,9.54,9.54,9.2,16720,20,nepse_playwright
2026-03-11,NIBSF2,9.5,9.12,9.82,9.02,184258,33,nepse_playwright
2026-03-11,NICBF,9.34,9.15,9.34,9.13,7900,5,nepse_playwright
2026-03-11,NICFC,9.42,9.19,9.44,9.19,3400,17,nepse_playwright
2026-03-11,NICGF2,9.39,9.22,9.51,9.22,16900,28,nepse_playwright
2026-03-11,NICSF,9.5,9.31,9.5,9.31,233750,26,nepse_playwright
2026-03-11,NMB50,10.36,10.6,10.6,10.34,21835,5,nepse_playwright
2026-03-11,NMBHF2,9.56,9.63,9.82,9.46,2860,19,nepse_playwright
2026-03-11,NSIF2,10.85,10.81,11.02,10.81,235612,19,nepse_playwright
2026-03-11,PRSF,11.51,11.5,11.73,11.3,76770,19,nepse_playwright
2026-03-11,PSF,11.51,11.5,11.62,11.39,161267,30,nepse_playwright
2026-03-11,RBBF40,9.55,9.12,9.66,9.12,5400,16,nepse_playwright
2026-03-11,RMF1,9.8,9.84,9.84,9.49,81300,30,nepse_playwright
2026-03-11,RMF2,10.02,10.0,10.02,10.0,900,5,nepse_playwright
2026-03-11,RSY,10.08,10.0,10.17,10.0,121300,26,nepse_playwright
2026-03-11,SAGF,10.06,9.85,10.25,9.85,4450,17,nepse_playwright
2026-03-11,SBCF,9.61,9.71,9.71,9.52,9300,14,nepse_playwright
2026-03-11,SEF,9.56,9.9,9.99,9.56,68145,50,nepse_playwright
2026-03-11,SFEF,10.1,10.1,10.1,10.1,8200,10,nepse_playwright
2026-03-11,SFMF,10.5,10.4,10.5,10.29,15100,7,nepse_playwright
2026-03-11,SIGS2,10.18,9.89,10.18,9.89,1600,3,nepse_playwright
2026-03-11,SIGS3,10.4,10.12,10.4,10.12,10300,13,nepse_playwright
2026-03-11,SLCF,9.6,9.42,9.65,9.42,7900,13,nepse_playwright
2026-03-12,C30MF,10.2,10.0,10.2,10.0,27000,9,nepse_playwright
2026-03-12,CMF2,10.25,10.4,10.4,10.2,10591,9,nepse_playwright
2026-03-12,GBIMESY2,9.36,9.33,9.37,9.33,1050,6,nepse_playwright
2026-03-12,GIBF1,11.0,10.74,11.17,10.74,30700,24,nepse_playwright
2026-03-12,GSY,9.85,9.5,9.85,9.5,33325,56,nepse_playwright
2026-03-12,H8020,11.81,12.04,12.04,11.73,1288,9,nepse_playwright
2026-03-12,HLICF,9.54,9.5,9.54,9.35,1200,12,nepse_playwright
2026-03-12,KDBY,10.19,10.17,10.3,10.17,11280,51,nepse_playwright
2026-03-12,KEF,9.6,9.74,9.74,9.36,5450,17,nepse_playwright
2026-03-12,KSY,9.58,9.8,9.8,9.5,1710,11,nepse_playwright
2026-03-12,LUK,10.0,9.9,10.18,9.9,3600,11,nepse_playwright
2026-03-12,LVF2,9.98,9.75,9.98,9.75,700,6,nepse_playwright
2026-03-12,MBLEF,10.69,10.29,10.69,10.13,12800,31,nepse_playwright
2026-03-12,MMF1,9.5,9.77,9.85,9.26,318307,63,nepse_playwright
2026-03-12,MNMF1,10.0,10.0,10.0,9.52,9360,36,nepse_playwright
2026-03-12,NBF2,9.87,9.81,10.0,9.81,42180,12,nepse_playwright
2026-03-12,NBF3,9.8,9.87,9.87,9.51,57336,45,nepse_playwright
2026-03-12,NIBLGF,9.55,9.9,9.9,9.52,8110,20,nepse_playwright
2026-03-12,NIBLSTF,9.6,9.65,9.79,9.35,213600,49,nepse_playwright
2026-03-12,NIBSF2,9.36,9.35,9.5,9.35,15431,14,nepse_playwright
2026-03-12,NICBF,9.71,9.5,9.85,9.5,9100,8,nepse_playwright
2026-03-12,NICFC,9.5,9.6,9.6,9.24,5700,24,nepse_playwright
2026-03-12,NICGF2,9.44,9.25,9.44,9.25,4310,19,nepse_playwright
2026-03-12,NICSF,9.54,9.36,9.54,9.35,24900,15,nepse_playwright
2026-03-12,NMB50,10.34,10.2,10.55,10.2,8915,7,nepse_playwright
2026-03-12,NMBHF2,9.61,9.43,9.76,9.43,7500,40,nepse_playwright
2026-03-12,NSIF2,10.84,10.67,11.06,10.67,173700,25,nepse_playwright
2026-03-12,PRSF,11.51,11.3,11.74,11.3,27175,11,nepse_playwright
2026-03-12,PSF,11.6,11.33,11.6,11.33,52230,27,nepse_playwright
2026-03-12,RBBF40,9.52,9.36,9.59,9.36,14700,17,nepse_playwright
2026-03-12,RMF1,9.74,9.99,9.99,9.61,43400,21,nepse_playwright
2026-03-12,RMF2,10.01,10.01,10.01,10.01,400,3,nepse_playwright
2026-03-12,RSY,10.19,10.08,10.2,10.0,20740,32,nepse_playwright
2026-03-12,SAGF,10.2,10.0,10.2,9.92,2950,18,nepse_playwright
2026-03-12,SBCF,9.89,9.43,9.89,9.43,43600,21,nepse_playwright
2026-03-12,SEF,10.09,9.4,10.18,8.66,202657,50,nepse_playwright
2026-03-12,SFEF,10.3,10.1,10.3,10.1,366404,44,nepse_playwright
2026-03-12,SFMF,10.5,10.71,10.71,10.5,10600,3,nepse_playwright
2026-03-12,SIGS2,10.38,10.2,10.38,10.2,20000,4,nepse_playwright
2026-03-12,SIGS3,10.33,10.2,10.33,10.2,600,6,nepse_playwright
2026-03-12,SLCF,9.64,9.6,9.78,9.5,69950,24,nepse_playwright
2026-03-15,C30MF,10.15,10.1,10.2,10.1,28500,12,nepse_playwright
2026-03-15,CMF2,10.4,10.25,10.4,10.2,15547,13,nepse_playwright
2026-03-15,GBIMESY2,9.51,9.21,9.65,9.21,9233,22,nepse_playwright
2026-03-15,GIBF1,10.9,10.8,10.9,10.8,3400,12,nepse_playwright
2026-03-15,GSY,9.95,9.66,9.95,9.66,53720,57,nepse_playwright
2026-03-15,H8020,11.81,11.75,11.92,11.75,12660,19,nepse_playwright
2026-03-15,HLICF,9.38,9.35,9.5,9.31,8190,18,nepse_playwright
2026-03-15,KDBY,10.45,10.03,10.45,10.03,140473,89,nepse_playwright
2026-03-15,KEF,9.57,9.55,9.7,9.51,20350,31,nepse_playwright
2026-03-15,KSY,9.8,9.77,9.95,9.6,14730,22,nepse_playwright
2026-03-15,LUK,9.91,9.9,9.91,9.86,3670,5,nepse_playwright
2026-03-15,LVF2,9.84,9.79,9.84,9.72,3000,11,nepse_playwright
2026-03-15,MBLEF,10.4,10.59,10.65,10.11,95150,41,nepse_playwright
2026-03-15,MMF1,9.36,9.35,9.5,9.3,29944,54,nepse_playwright
2026-03-15,MNMF1,9.72,9.81,9.81,9.43,15900,35,nepse_playwright
2026-03-15,NBF2,9.9,10.0,10.0,9.89,71200,7,nepse_playwright
2026-03-15,NBF3,9.68,9.8,9.8,9.62,16270,20,nepse_playwright
2026-03-15,NIBLGF,9.39,9.37,9.55,9.37,16708,14,nepse_playwright
2026-03-15,NIBLSTF,9.32,9.5,9.87,9.29,15010,28,nepse_playwright
2026-03-15,NIBSF2,9.32,9.19,9.4,9.19,15335,22,nepse_playwright
2026-03-15,NICBF,9.71,9.68,9.71,9.53,34420,10,nepse_playwright
2026-03-15,NICFC,9.5,9.69,9.69,9.3,46860,47,nepse_playwright
2026-03-15,NICGF2,9.5,9.31,9.53,9.31,35500,23,nepse_playwright
2026-03-15,NICSF,9.52,9.35,9.6,9.35,25768,26,nepse_playwright
2026-03-15,NMB50,10.34,10.54,10.54,10.34,39600,10,nepse_playwright
2026-03-15,NMBHF2,9.84,9.44,9.84,9.44,11761,38,nepse_playwright
2026-03-15,NSIF2,10.88,10.73,11.16,10.73,86821,21,nepse_playwright
2026-03-15,PRSF,11.74,11.28,11.74,11.28,22900,26,nepse_playwright
2026-03-15,PSF,11.74,11.4,11.74,11.4,53000,40,nepse_playwright
2026-03-15,RBBF40,9.83,9.71,9.85,9.65,14250,23,nepse_playwright
2026-03-15,RMF1,9.68,9.93,9.93,9.55,36800,39,nepse_playwright
2026-03-15,RMF2,10.06,10.01,10.23,10.01,3200,10,nepse_playwright
2026-03-15,RSY,10.25,10.14,10.4,10.14,138400,78,nepse_playwright
2026-03-15,SAGF,10.0,10.0,10.1,10.0,38900,12,nepse_playwright
2026-03-15,SBCF,9.7,9.71,9.8,9.7,24277,16,nepse_playwright
2026-03-15,SEF,10.49,9.9,10.49,9.83,88053,29,nepse_playwright
2026-03-15,SFEF,10.1,10.3,10.43,10.1,143517,32,nepse_playwright
2026-03-15,SFMF,10.71,10.6,10.71,10.6,2200,4,nepse_playwright
2026-03-15,SIGS2,10.0,10.2,10.25,10.0,18300,12,nepse_playwright
2026-03-15,SIGS3,10.32,10.31,10.35,10.31,4300,8,nepse_playwright
2026-03-15,SLCF,9.72,9.65,9.8,9.63,25000,16,nepse_playwright
2026-03-16,C30MF,10.05,10.2,10.34,10.05,6500,9,nepse_playwright
2026-03-16,CMF2,10.02,10.2,10.2,10.01,10200,3,nepse_playwright
2026-03-16,GBIMESY2,9.7,9.51,9.7,9.33,8350,14,nepse_playwright
2026-03-16,GIBF1,10.9,10.73,11.0,10.73,6820,24,nepse_playwright
2026-03-16,GSY,9.8,9.76,9.97,9.47,6710,35,nepse_playwright
2026-03-16,H8020,11.62,11.76,11.92,11.62,17100,18,nepse_playwright
2026-03-16,HLICF,9.25,9.2,9.25,9.2,700,7,nepse_playwright
2026-03-16,KDBY,10.3,10.25,10.39,10.1,10799,37,nepse_playwright
2026-03-16,KEF,9.6,9.47,9.75,9.45,29206,36,nepse_playwright
2026-03-16,KSY,9.49,9.61,9.8,9.47,900,7,nepse_playwright
2026-03-16,LUK,9.75,9.72,9.8,9.72,1150,5,nepse_playwright
2026-03-16,LVF2,9.87,9.82,9.88,9.82,1700,13,nepse_playwright
2026-03-16,MBLEF,10.3,10.25,10.3,10.23,104300,26,nepse_playwright
2026-03-16,MMF1,9.53,9.3,9.72,9.21,23369,48,nepse_playwright
2026-03-16,MNMF1,9.66,9.54,9.72,9.54,17700,30,nepse_playwright
2026-03-16,NBF2,9.91,9.8,9.99,9.8,21820,9,nepse_playwright
2026-03-16,NBF3,9.67,9.52,9.75,9.52,45251,29,nepse_playwright
2026-03-16,NIBLGF,9.43,9.44,9.44,9.23,23490,14,nepse_playwright
2026-03-16,NIBLSTF,9.22,9.5,9.5,9.22,3900,11,nepse_playwright
2026-03-16,NIBSF2,9.38,9.5,9.5,9.22,20304,27,nepse_playwright
2026-03-16,NICBF,9.6,9.52,9.6,9.52,200,2,nepse_playwright
2026-03-16,NICFC,9.51,9.32,9.51,9.32,5100,24,nepse_playwright
2026-03-16,NICGF2,9.7,9.4,9.7,9.4,23850,27,nepse_playwright
2026-03-16,NICSF,9.5,9.71,9.71,9.35,8860,16,nepse_playwright
2026-03-16,NMB50,10.31,10.17,10.37,10.17,1820,5,nepse_playwright
2026-03-16,NMBHF2,9.7,9.84,10.03,9.65,5803,25,nepse_playwright
2026-03-16,NSIF2,10.85,10.79,10.9,10.79,7550,16,nepse_playwright
2026-03-16,PRSF,11.78,11.51,11.97,11.51,12200,12,nepse_playwright
2026-03-16,PSF,11.54,11.52,11.75,11.52,155612,26,nepse_playwright
2026-03-16,RBBF40,9.89,10.0,10.0,9.61,2800,13,nepse_playwright
2026-03-16,RMF1,9.8,9.85,9.85,9.61,17300,25,nepse_playwright
2026-03-16,RMF2,10.06,10.07,10.25,10.06,11465,12,nepse_playwright
2026-03-16,RSY,10.11,10.05,10.25,10.05,36200,23,nepse_playwright
2026-03-16,SAGF,10.02,10.0,10.19,10.0,8622,9,nepse_playwright
2026-03-16,SBCF,9.6,9.55,9.7,9.55,6554,14,nepse_playwright
2026-03-16,SEF,10.03,10.58,11.53,10.03,352115,48,nepse_playwright
2026-03-16,SFEF,10.02,9.9,10.02,9.9,500,4,nepse_playwright
2026-03-16,SFMF,10.71,10.71,10.71,10.71,0,0,nepse_playwright
2026-03-16,SIGS2,9.98,10.0,10.0,9.81,3100,6,nepse_playwright
2026-03-16,SIGS3,10.31,10.31,10.32,10.31,2100,11,nepse_playwright
2026-03-16,SLCF,9.8,9.62,9.8,9.62,18299,19,nepse_playwright
2026-03-17,C30MF,10.13,10.05,10.13,10.05,4500,9,nepse_playwright
2026-03-17,CMF2,10.22,10.07,10.22,10.07,35225,4,nepse_playwright
2026-03-17,GBIMESY2,9.35,9.6,9.6,9.14,1500,12,nepse_playwright
2026-03-17,GIBF1,11.1,11.1,11.1,10.88,51660,21,nepse_playwright
2026-03-17,GSY,9.9,9.7,9.99,9.7,76238,47,nepse_playwright
2026-03-17,H8020,11.55,11.55,11.77,11.55,34925,16,nepse_playwright
2026-03-17,HLICF,9.48,9.2,9.48,9.2,2300,14,nepse_playwright
2026-03-17,KDBY,10.25,10.26,10.43,10.23,26700,42,nepse_playwright
2026-03-17,KEF,9.6,9.46,9.64,9.46,4604,21,nepse_playwright
2026-03-17,KSY,9.67,9.45,9.67,9.45,22660,7,nepse_playwright
2026-03-17,LUK,9.94,9.94,9.94,9.9,6871,6,nepse_playwright
2026-03-17,LVF2,9.95,9.98,9.98,9.87,13100,13,nepse_playwright
2026-03-17,MBLEF,10.3,10.17,10.39,10.17,59280,24,nepse_playwright
2026-03-17,MMF1,9.45,9.72,9.72,9.25,11219,33,nepse_playwright
2026-03-17,MNMF1,9.7,9.85,9.85,9.54,21400,30,nepse_playwright
2026-03-17,NBF2,9.97,9.98,9.98,9.94,1650,6,nepse_playwright
2026-03-17,NBF3,9.71,9.86,10.04,9.69,53120,40,nepse_playwright
2026-03-17,NIBLGF,9.46,9.43,9.46,9.25,19290,10,nepse_playwright
2026-03-17,NIBLSTF,9.35,9.4,9.4,9.25,13450,15,nepse_playwright
2026-03-17,NIBSF2,9.37,9.56,9.56,9.3,15281,20,nepse_playwright
2026-03-17,NICBF,9.98,9.41,9.98,8.7,20200,15,nepse_playwright
2026-03-17,NICFC,9.4,9.35,9.5,9.35,2400,22,nepse_playwright
2026-03-17,NICGF2,9.24,9.51,9.51,9.24,550,3,nepse_playwright
2026-03-17,NICSF,9.32,9.69,9.69,9.31,14500,22,nepse_playwright
2026-03-17,NMB50,10.33,10.33,10.33,10.33,6100,3,nepse_playwright
2026-03-17,NMBHF2,9.8,9.64,9.83,9.64,20100,27,nepse_playwright
2026-03-17,NSIF2,10.88,10.85,11.0,10.81,115700,19,nepse_playwright
2026-03-17,PRSF,11.55,11.55,11.78,11.55,300,3,nepse_playwright
2026-03-17,PSF,11.6,11.44,11.6,11.42,28600,23,nepse_playwright
2026-03-17,RBBF40,9.66,10.08,10.08,9.66,700,7,nepse_playwright
2026-03-17,RMF1,9.8,9.99,9.99,9.5,78500,24,nepse_playwright
2026-03-17,RMF2,10.25,10.08,10.25,10.08,3300,6,nepse_playwright
2026-03-17,RSY,10.45,10.1,10.45,10.02,112050,50,nepse_playwright
2026-03-17,SAGF,10.02,10.03,10.03,10.02,3400,7,nepse_playwright
2026-03-17,SEF,10.14,10.05,10.14,9.98,53930,11,nepse_playwright
2026-03-17,SFEF,10.42,10.22,10.42,10.02,38500,23,nepse_playwright
2026-03-17,SFMF,10.4,10.6,10.6,10.4,300,3,nepse_playwright
2026-03-17,SIGS2,9.8,9.96,9.96,9.8,30000,7,nepse_playwright
2026-03-17,SIGS3,10.32,10.31,10.35,10.31,13400,14,nepse_playwright
2026-03-17,SLCF,9.9,9.8,9.9,9.8,19093,14,nepse_playwright
2026-03-17,SBCF,9.64,9.5,9.78,9.45,5950,10,nepse_playwright
2026-03-19,C30MF,10.12,9.99,10.33,9.99,11500,11,nepse_playwright
2026-03-19,CMF2,10.22,10.03,10.22,10.03,7150,12,nepse_playwright
2026-03-19,GBIMESY2,9.4,9.3,9.42,9.3,7000,20,nepse_playwright
2026-03-19,GIBF1,11.02,10.9,11.1,10.9,3800,20,nepse_playwright
2026-03-19,GSY,9.9,9.8,9.99,9.79,91566,58,nepse_playwright
2026-03-19,H8020,11.68,11.61,11.78,11.44,12910,20,nepse_playwright
2026-03-19,HLICF,9.34,9.32,9.51,9.32,1700,13,nepse_playwright
2026-03-19,KDBY,10.36,10.22,10.5,10.22,159056,72,nepse_playwright
2026-03-19,KEF,9.89,9.41,9.89,9.41,165583,56,nepse_playwright
2026-03-19,KSY,9.81,9.5,10.0,9.5,13843,18,nepse_playwright
2026-03-19,LUK,10.0,9.84,10.0,9.84,1100,5,nepse_playwright
2026-03-19,LVF2,10.01,9.87,10.01,9.82,12200,25,nepse_playwright
2026-03-19,MBLEF,10.32,10.25,10.4,10.25,5000,35,nepse_playwright
2026-03-19,MMF1,9.43,9.45,9.63,9.32,85978,64,nepse_playwright
2026-03-19,MNMF1,9.74,9.89,9.93,9.61,39790,43,nepse_playwright
2026-03-19,NBF2,10.02,9.95,10.16,9.95,545450,25,nepse_playwright
2026-03-19,NBF3,9.85,9.6,10.0,9.6,164505,51,nepse_playwright
2026-03-19,NIBLGF,9.36,9.29,9.54,9.29,27590,15,nepse_playwright
2026-03-19,NIBLSTF,9.49,9.3,9.55,9.21,17620,29,nepse_playwright
2026-03-19,NIBSF2,9.48,9.54,9.54,9.3,13550,27,nepse_playwright
2026-03-19,NICBF,10.16,9.79,10.16,9.79,3400,6,nepse_playwright
2026-03-19,NICFC,9.43,9.35,9.69,9.35,10747,41,nepse_playwright
2026-03-19,NICGF2,9.63,9.26,9.63,9.26,54700,29,nepse_playwright
2026-03-19,NICSF,9.6,9.49,9.6,9.35,21230,31,nepse_playwright
2026-03-19,NMB50,10.38,10.14,10.54,10.14,2150,9,nepse_playwright
2026-03-19,NMBHF2,9.74,9.65,9.89,9.65,62120,41,nepse_playwright
2026-03-19,NSIF2,11.0,10.82,11.09,10.82,105669,24,nepse_playwright
2026-03-19,PRSF,11.57,11.78,11.78,11.32,8100,13,nepse_playwright
2026-03-19,PSF,11.57,11.38,11.65,11.38,22000,32,nepse_playwright
2026-03-19,RBBF40,9.6,9.47,9.83,9.3,5200,22,nepse_playwright
2026-03-19,RMF1,9.82,9.99,10.0,9.58,225172,45,nepse_playwright
2026-03-19,RMF2,10.13,10.1,10.13,10.1,12200,13,nepse_playwright
2026-03-19,RSY,10.45,10.6,10.6,10.45,235610,47,nepse_playwright
2026-03-19,SAGF,10.02,9.9,10.2,9.9,6050,17,nepse_playwright
2026-03-19,SBCF,9.66,9.47,9.83,9.47,27550,23,nepse_playwright
2026-03-19,SEF,10.1,10.33,10.33,10.0,7600,11,nepse_playwright
2026-03-19,SFEF,10.48,10.6,10.65,10.24,496596,27,nepse_playwright
2026-03-19,SFMF,10.6,10.4,10.6,10.3,13299,7,nepse_playwright
2026-03-19,SIGS2,10.01,9.99,10.01,9.81,52625,9,nepse_playwright
2026-03-19,SIGS3,10.29,10.31,10.52,10.13,5600,19,nepse_playwright
2026-03-19,SLCF,9.89,9.73,10.09,9.73,65889,39,nepse_playwright
2026-03-22,C30MF,10.21,10.05,10.3,10.05,23500,19,nepse_playwright
2026-03-22,CMF2,10.31,10.1,10.42,10.1,12414,11,nepse_playwright
2026-03-22,GBIMESY2,9.6,9.58,9.89,9.39,4270,26,nepse_playwright
2026-03-22,GIBF1,11.35,11.0,11.35,11.0,353350,49,nepse_playwright
2026-03-22,GSY,9.9,9.71,9.9,9.71,19126,63,nepse_playwright
2026-03-22,H8020,11.9,11.45,11.91,11.45,31480,21,nepse_playwright
2026-03-22,HLICF,9.45,9.28,9.64,9.28,3420,24,nepse_playwright
2026-03-22,KDBY,10.68,10.3,10.68,10.25,80050,93,nepse_playwright
2026-03-22,KEF,9.89,9.9,9.9,9.7,133977,50,nepse_playwright
2026-03-22,KSY,9.9,9.62,10.0,9.62,14100,21,nepse_playwright
2026-03-22,LUK,10.0,9.81,10.0,9.81,4450,8,nepse_playwright
2026-03-22,LVF2,9.9,10.0,10.05,9.87,18205,30,nepse_playwright
2026-03-22,MBLEF,10.41,10.33,10.53,10.33,26750,48,nepse_playwright
2026-03-22,MMF1,9.88,9.5,9.88,9.5,241871,139,nepse_playwright
2026-03-22,MNMF1,9.84,9.57,10.0,9.57,69220,68,nepse_playwright
2026-03-22,NBF2,10.08,10.0,10.18,10.0,39800,17,nepse_playwright
2026-03-22,NBF3,9.87,9.85,9.95,9.75,92012,60,nepse_playwright
2026-03-22,NIBLGF,9.46,9.3,9.69,8.65,265400,50,nepse_playwright
2026-03-22,NIBLSTF,9.6,9.4,9.66,9.4,45400,30,nepse_playwright
2026-03-22,NIBSF2,9.74,9.48,9.74,9.45,135248,35,nepse_playwright
2026-03-22,NICBF,9.58,10.16,11.17,9.58,20900,15,nepse_playwright
2026-03-22,NICFC,9.63,9.31,9.7,9.31,23970,40,nepse_playwright
2026-03-22,NICGF2,9.64,9.5,9.82,9.5,43850,29,nepse_playwright
2026-03-22,NICSF,9.6,9.45,9.72,9.45,43963,32,nepse_playwright
2026-03-22,NMB50,10.59,10.5,10.62,10.4,70100,25,nepse_playwright
2026-03-22,NMBHF2,9.91,9.7,9.93,9.7,910717,55,nepse_playwright
2026-03-22,NSIF2,10.95,10.8,11.1,10.8,5511,11,nepse_playwright
2026-03-22,PRSF,11.72,11.57,11.89,11.57,146800,20,nepse_playwright
2026-03-22,PSF,12.0,11.55,12.01,11.55,346550,58,nepse_playwright
2026-03-22,RBBF40,9.82,9.41,10.0,9.41,7750,25,nepse_playwright
2026-03-22,RMF1,10.01,9.63,10.01,9.63,63872,26,nepse_playwright
2026-03-22,RMF2,10.35,10.12,10.35,10.12,6070,11,nepse_playwright
2026-03-22,RSY,10.55,10.3,10.55,10.25,97308,81,nepse_playwright
2026-03-22,SAGF,10.22,10.2,10.22,10.0,69320,31,nepse_playwright
2026-03-22,SBCF,9.72,9.85,9.97,9.69,88510,31,nepse_playwright
2026-03-22,SEF,10.16,10.3,10.3,10.1,145170,31,nepse_playwright
2026-03-22,SFEF,10.31,10.28,10.31,10.28,850,8,nepse_playwright
2026-03-22,SFMF,10.79,10.8,10.8,10.79,2200,2,nepse_playwright
2026-03-22,SIGS2,10.58,9.85,10.58,9.85,63292,11,nepse_playwright
2026-03-22,SIGS3,10.3,10.27,10.49,10.27,4800,21,nepse_playwright
2026-03-22,SLCF,9.93,9.7,10.0,9.7,14560,25,nepse_playwright
2026-03-23,C30MF,10.2,10.21,10.35,10.15,502400,18,nepse_playwright
2026-03-23,CMF2,10.46,10.18,10.46,10.18,2598,10,nepse_playwright
2026-03-23,GBIMESY2,9.59,9.42,9.98,9.42,6010,14,nepse_playwright
2026-03-23,GIBF1,11.24,11.13,11.57,11.13,35700,20,nepse_playwright
2026-03-23,GSY,10.0,10.08,10.08,9.72,30810,77,nepse_playwright
2026-03-23,H8020,11.69,11.68,11.8,11.67,7600,6,nepse_playwright
2026-03-23,HLICF,9.91,9.35,9.91,9.35,5630,23,nepse_playwright
2026-03-23,KDBY,10.3,10.47,10.68,10.22,206200,40,nepse_playwright
2026-03-23,KEF,10.0,9.71,10.0,9.71,47610,44,nepse_playwright
2026-03-23,KSY,9.75,9.72,9.93,9.72,2524,11,nepse_playwright
2026-03-23,LUK,10.0,10.0,10.1,9.9,3700,12,nepse_playwright
2026-03-23,LVF2,10.0,9.85,10.09,9.85,21501,24,nepse_playwright
2026-03-23,MBLEF,10.3,10.45,10.7,10.3,250411,73,nepse_playwright
2026-03-23,MMF1,9.97,10.07,10.07,9.5,9010,36,nepse_playwright
2026-03-23,MNMF1,9.85,9.68,10.03,9.68,79500,45,nepse_playwright
2026-03-23,NBF2,10.06,10.2,10.6,10.06,34780,26,nepse_playwright
2026-03-23,NBF3,10.05,9.81,10.06,9.81,164900,74,nepse_playwright
2026-03-23,NIBLGF,9.56,9.3,9.85,9.3,60200,20,nepse_playwright
2026-03-23,NIBLSTF,9.55,9.41,9.55,8.87,81830,33,nepse_playwright
2026-03-23,NIBSF2,9.65,9.74,9.8,9.6,69830,39,nepse_playwright
2026-03-23,NICBF,9.97,9.4,9.98,9.03,99965,19,nepse_playwright
2026-03-23,NICFC,9.63,9.46,9.7,9.46,4400,23,nepse_playwright
2026-03-23,NICGF2,9.71,9.48,9.71,9.48,2975,15,nepse_playwright
2026-03-23,NICSF,9.7,9.41,9.7,9.32,28510,30,nepse_playwright
2026-03-23,NMB50,10.7,10.5,10.7,10.5,5763,5,nepse_playwright
2026-03-23,NMBHF2,10.1,9.73,10.2,9.73,64980,44,nepse_playwright
2026-03-23,NSIF2,10.92,10.85,11.13,10.85,1000,9,nepse_playwright
2026-03-23,PRSF,11.98,11.6,11.98,11.6,17200,17,nepse_playwright
2026-03-23,PSF,12.01,11.8,12.01,11.61,36425,43,nepse_playwright
2026-03-23,RBBF40,9.95,9.63,9.95,9.44,8400,31,nepse_playwright
2026-03-23,RMF1,9.84,9.85,10.0,9.82,59286,21,nepse_playwright
2026-03-23,RMF2,10.23,10.17,10.37,10.17,1900,11,nepse_playwright
2026-03-23,RSY,10.45,10.34,10.6,10.34,17340,42,nepse_playwright
2026-03-23,SAGF,10.35,10.11,10.42,10.11,65250,21,nepse_playwright
2026-03-23,SBCF,10.0,9.91,10.0,9.04,127650,49,nepse_playwright
2026-03-23,SEF,10.21,10.1,10.26,10.1,188998,15,nepse_playwright
2026-03-23,SFEF,10.31,10.12,10.32,10.12,119900,20,nepse_playwright
2026-03-23,SFMF,10.39,10.6,10.6,10.39,11350,2,nepse_playwright
2026-03-23,SIGS2,10.61,10.6,10.79,10.6,50198,15,nepse_playwright
2026-03-23,SIGS3,10.68,10.3,10.71,10.3,10615,16,nepse_playwright
2026-03-23,SLCF,10.15,9.76,10.2,9.76,110089,47,nepse_playwright
2026-03-24,C30MF,10.24,10.4,10.4,10.12,12200,9,nepse_playwright
2026-03-24,CMF2,10.31,10.3,10.5,10.3,11436,15,nepse_playwright
2026-03-24,GBIMESY2,9.78,9.41,9.78,9.4,4300,14,nepse_playwright
2026-03-24,GIBF1,11.4,11.05,11.46,11.05,19750,22,nepse_playwright
2026-03-24,GSY,9.96,9.9,10.02,9.82,17890,65,nepse_playwright
2026-03-24,H8020,11.75,11.51,12.0,11.5,20592,21,nepse_playwright
2026-03-24,HLICF,9.72,9.72,9.8,9.72,100800,10,nepse_playwright
2026-03-24,KDBY,10.51,10.27,10.51,10.27,761451,75,nepse_playwright
2026-03-24,KEF,10.02,10.0,10.02,9.81,37401,44,nepse_playwright
2026-03-24,KSY,9.8,9.7,9.8,9.62,2076,10,nepse_playwright
2026-03-24,LUK,10.0,9.83,10.09,9.83,2800,8,nepse_playwright
2026-03-24,LVF2,9.99,9.88,10.0,9.88,4200,13,nepse_playwright
2026-03-24,MBLEF,10.65,10.25,10.75,10.25,16830,41,nepse_playwright
2026-03-24,MMF1,9.88,10.09,10.09,9.6,27758,67,nepse_playwright
2026-03-24,MNMF1,10.0,9.85,10.05,9.72,152400,66,nepse_playwright
2026-03-24,NBF2,10.05,10.06,10.1,10.01,18170,17,nepse_playwright
2026-03-24,NBF3,10.14,10.05,10.14,9.91,81400,66,nepse_playwright
2026-03-24,NIBLGF,9.89,9.74,9.89,8.66,83200,30,nepse_playwright
2026-03-24,NIBLSTF,9.7,9.37,9.82,9.37,30060,34,nepse_playwright
2026-03-24,NIBSF2,9.8,9.46,9.8,9.46,34060,35,nepse_playwright
2026-03-24,NICBF,10.48,9.8,10.48,9.8,5850,9,nepse_playwright
2026-03-24,NICFC,9.69,9.48,9.69,9.48,2340,18,nepse_playwright
2026-03-24,NICGF2,9.66,9.53,9.66,9.53,3400,16,nepse_playwright
2026-03-24,NICSF,9.78,9.7,9.78,9.51,29168,22,nepse_playwright
2026-03-24,NMB50,10.5,10.75,10.75,10.5,48980,18,nepse_playwright
2026-03-24,NMBHF2,10.0,10.0,10.1,9.91,9900,54,nepse_playwright
2026-03-24,NSIF2,11.13,10.84,11.13,10.84,10970,16,nepse_playwright
2026-03-24,PRSF,11.92,11.98,12.2,11.82,50700,14,nepse_playwright
2026-03-24,PSF,11.97,11.77,12.11,11.77,45740,34,nepse_playwright
2026-03-24,RBBF40,10.0,9.76,10.2,9.76,87450,56,nepse_playwright
2026-03-24,RMF1,9.98,9.85,9.99,9.85,49450,28,nepse_playwright
2026-03-24,RMF2,10.34,10.22,10.34,10.11,177700,10,nepse_playwright
2026-03-24,RSY,10.45,10.5,10.7,10.4,19000,37,nepse_playwright
2026-03-24,SAGF,10.25,10.15,10.25,9.95,3400,18,nepse_playwright
2026-03-24,SBCF,10.16,9.81,10.19,9.68,41325,41,nepse_playwright
2026-03-24,SEF,10.29,10.21,10.3,10.15,73600,17,nepse_playwright
2026-03-24,SFEF,10.5,10.3,10.5,10.26,55500,16,nepse_playwright
2026-03-24,SFMF,10.6,10.59,10.7,10.4,12750,12,nepse_playwright
2026-03-24,SIGS2,10.3,10.41,10.41,10.3,8000,5,nepse_playwright
2026-03-24,SIGS3,10.6,10.49,10.69,10.49,5910,11,nepse_playwright
2026-03-24,SLCF,10.01,10.0,10.1,10.0,5800,17,nepse_playwright
2026-03-25,C30MF,10.12,10.08,10.27,10.08,1800,8,nepse_playwright
2026-03-25,CMF2,10.35,10.31,10.4,10.31,22213,14,nepse_playwright
2026-03-25,GBIMESY2,9.83,9.6,9.97,9.43,16040,20,nepse_playwright
2026-03-25,GIBF1,11.28,11.35,11.61,11.21,28770,20,nepse_playwright
2026-03-25,GSY,9.98,9.88,10.09,9.88,101795,87,nepse_playwright
2026-03-25,H8020,12.0,11.57,12.16,11.57,253900,23,nepse_playwright
2026-03-25,HLICF,9.79,9.53,9.79,9.53,53700,27,nepse_playwright
2026-03-25,KDBY,10.52,10.34,10.72,10.34,110115,50,nepse_playwright
2026-03-25,KEF,9.95,9.82,10.03,9.82,51320,40,nepse_playwright
2026-03-25,KSY,9.9,9.7,9.9,9.7,2200,6,nepse_playwright
2026-03-25,LUK,10.0,9.83,10.0,9.83,4400,14,nepse_playwright
2026-03-25,LVF2,9.95,10.0,10.05,9.95,6100,29,nepse_playwright
2026-03-25,MBLEF,10.4,10.45,10.8,10.32,5000,32,nepse_playwright
2026-03-25,MMF1,9.83,10.0,10.0,9.62,37750,53,nepse_playwright
2026-03-25,MNMF1,10.0,10.1,10.15,9.92,276804,113,nepse_playwright
2026-03-25,NBF2,10.05,10.15,10.55,10.05,26020,19,nepse_playwright
2026-03-25,NBF3,10.05,10.0,10.22,10.0,94757,80,nepse_playwright
2026-03-25,NIBLGF,10.0,9.85,10.0,9.66,26500,26,nepse_playwright
2026-03-25,NIBLSTF,9.87,9.52,9.87,9.4,43890,22,nepse_playwright
2026-03-25,NIBSF2,9.8,9.65,9.8,9.65,11967,23,nepse_playwright
2026-03-25,NICBF,10.45,10.28,10.45,9.5,2900,6,nepse_playwright
2026-03-25,NICFC,9.7,9.53,9.7,9.53,4590,19,nepse_playwright
2026-03-25,NICGF2,9.8,9.51,9.8,9.51,166673,21,nepse_playwright
2026-03-25,NICSF,9.52,9.6,9.6,9.32,16494,15,nepse_playwright
2026-03-25,NMB50,10.65,10.31,10.69,10.3,34889,12,nepse_playwright
2026-03-25,NMBHF2,9.92,9.81,10.19,9.81,14795,53,nepse_playwright
2026-03-25,NSIF2,10.98,10.93,11.2,10.93,324691,35,nepse_playwright
2026-03-25,PRSF,12.06,11.75,12.06,11.75,700582,35,nepse_playwright
2026-03-25,PSF,11.86,11.75,11.95,11.75,16250,24,nepse_playwright
2026-03-25,RBBF40,9.65,9.9,10.0,9.56,3920,28,nepse_playwright
2026-03-25,RMF1,10.0,10.17,10.17,9.87,52835,33,nepse_playwright
2026-03-25,RMF2,10.4,10.19,10.52,10.19,6300,5,nepse_playwright
2026-03-25,RSY,10.33,10.35,10.55,10.3,111520,42,nepse_playwright
2026-03-25,SAGF,10.16,10.05,10.16,9.87,1800,11,nepse_playwright
2026-03-25,SBCF,10.15,10.16,10.16,9.85,22550,36,nepse_playwright
2026-03-25,SEF,10.12,10.29,10.3,10.11,13300,13,nepse_playwright
2026-03-25,SFEF,10.36,10.3,10.45,10.3,2350,15,nepse_playwright
2026-03-25,SFMF,10.4,10.39,10.4,10.39,1500,2,nepse_playwright
2026-03-25,SIGS2,10.1,10.23,10.25,10.1,5003,6,nepse_playwright
2026-03-25,SIGS3,10.7,10.5,10.81,10.5,14500,17,nepse_playwright
2026-03-25,SLCF,9.9,9.9,10.15,9.87,22300,25,nepse_playwright
2026-03-26,C30MF,10.25,10.1,10.32,10.1,20000,9,nepse_playwright
2026-03-26,CMF2,10.36,10.3,10.36,10.3,37280,7,nepse_playwright
2026-03-26,GBIMESY2,9.7,9.64,9.7,9.45,1900,15,nepse_playwright
2026-03-26,GIBF1,11.32,11.45,11.67,11.27,208220,25,nepse_playwright
2026-03-26,GSY,10.01,9.95,10.1,9.95,45762,76,nepse_playwright
2026-03-26,H8020,12.0,12.16,12.16,11.92,6600,13,nepse_playwright
2026-03-26,HLICF,9.6,9.6,9.6,9.6,3000,13,nepse_playwright
2026-03-26,KDBY,10.76,10.42,10.76,10.32,366450,78,nepse_playwright
2026-03-26,KEF,10.15,10.0,10.2,10.0,38395,68,nepse_playwright
2026-03-26,KSY,9.77,9.72,9.9,9.56,3700,16,nepse_playwright
2026-03-26,LUK,10.09,9.83,10.09,9.83,2600,11,nepse_playwright
2026-03-26,LVF2,10.0,9.95,10.0,9.95,1150,10,nepse_playwright
2026-03-26,MBLEF,10.6,10.21,10.7,10.21,270050,33,nepse_playwright
2026-03-26,MMF1,9.8,9.64,9.83,9.56,19635,60,nepse_playwright
2026-03-26,MNMF1,10.09,9.81,10.17,9.81,125150,52,nepse_playwright
2026-03-26,NBF2,10.05,10.2,10.25,10.0,7905,11,nepse_playwright
2026-03-26,NBF3,10.1,10.0,10.15,9.9,39995,50,nepse_playwright
2026-03-26,NIBLGF,9.74,10.19,11.0,9.73,67300,19,nepse_playwright
2026-03-26,NIBLSTF,9.7,10.01,10.85,9.42,146973,58,nepse_playwright
2026-03-26,NIBSF2,9.55,9.66,9.8,9.52,16035,23,nepse_playwright
2026-03-26,NICBF,10.55,10.6,11.07,10.55,52700,11,nepse_playwright
2026-03-26,NICFC,9.8,9.54,9.89,9.54,13850,24,nepse_playwright
2026-03-26,NICGF2,9.8,9.61,9.99,9.5,86500,25,nepse_playwright
2026-03-26,NICSF,9.55,9.34,9.58,9.34,19500,26,nepse_playwright
2026-03-26,NMB50,10.7,10.7,10.7,10.49,29380,9,nepse_playwright
2026-03-26,NMBHF2,9.93,9.74,10.11,9.74,7860,40,nepse_playwright
2026-03-26,NSIF2,11.2,11.15,11.3,10.98,37800,20,nepse_playwright
2026-03-26,PRSF,12.1,11.86,12.15,11.86,503700,13,nepse_playwright
2026-03-26,PSF,12.05,11.65,12.05,11.65,31630,38,nepse_playwright
2026-03-26,RBBF40,9.85,9.65,9.85,9.46,3100,14,nepse_playwright
2026-03-26,RMF1,9.9,9.87,11.0,9.87,85551,34,nepse_playwright
2026-03-26,RMF2,10.29,10.22,10.42,10.22,1200,7,nepse_playwright
2026-03-26,RSY,10.25,10.16,10.53,10.16,420700,37,nepse_playwright
2026-03-26,SAGF,10.4,9.96,10.4,9.96,24700,22,nepse_playwright
2026-03-26,SBCF,10.13,9.95,11.16,9.82,65999,44,nepse_playwright
2026-03-26,SEF,10.32,10.15,10.32,10.01,7100,8,nepse_playwright
2026-03-26,SFEF,10.47,10.3,10.49,10.3,9700,17,nepse_playwright
2026-03-26,SFMF,10.3,10.5,10.75,10.2,46468,12,nepse_playwright
2026-03-26,SIGS2,10.18,10.17,10.37,10.17,10100,8,nepse_playwright
2026-03-26,SIGS3,10.55,10.5,10.71,10.5,5900,14,nepse_playwright
2026-03-26,SLCF,9.94,10.09,10.09,9.93,15300,20,nepse_playwright
